<?xml version="1.0" encoding="UTF-8"?>
<!-- IMPORTANT: This is an internal file that has been generated
     by the Xilinx ISE software.  Any direct editing or
     changes made to this file may result in unpredictable
     behavior or data corruption.  It is strongly advised that
     users do not edit the contents of this file. -->
<DeviceUsageSummary rev="14">
<DesignStatistics TimeStamp="Mon Apr 22 16:15:17 2013"><group name="NetStatistics">
<item name="NumNets_Active" rev="14">
<attrib name="value" value="5583"/></item>
<item name="NumNets_Gnd" rev="14">
<attrib name="value" value="1"/></item>
<item name="NumNets_Vcc" rev="14">
<attrib name="value" value="1"/></item>
<item name="NumNodesOfType_Active_BRAMADDR" rev="14">
<attrib name="value" value="16"/></item>
<item name="NumNodesOfType_Active_BRAMDUMMY" rev="14">
<attrib name="value" value="97"/></item>
<item name="NumNodesOfType_Active_CLKPIN" rev="14">
<attrib name="value" value="1110"/></item>
<item name="NumNodesOfType_Active_CNTRLPIN" rev="14">
<attrib name="value" value="773"/></item>
<item name="NumNodesOfType_Active_DOUBLE" rev="14">
<attrib name="value" value="15814"/></item>
<item name="NumNodesOfType_Active_DUMMY" rev="14">
<attrib name="value" value="14699"/></item>
<item name="NumNodesOfType_Active_DUMMYBANK" rev="14">
<attrib name="value" value="27"/></item>
<item name="NumNodesOfType_Active_DUMMYESC" rev="14">
<attrib name="value" value="9"/></item>
<item name="NumNodesOfType_Active_GLOBAL" rev="14">
<attrib name="value" value="267"/></item>
<item name="NumNodesOfType_Active_HFULLHEX" rev="14">
<attrib name="value" value="187"/></item>
<item name="NumNodesOfType_Active_HLONG" rev="14">
<attrib name="value" value="33"/></item>
<item name="NumNodesOfType_Active_HUNIHEX" rev="14">
<attrib name="value" value="1156"/></item>
<item name="NumNodesOfType_Active_INPUT" rev="14">
<attrib name="value" value="18576"/></item>
<item name="NumNodesOfType_Active_IOBOUTPUT" rev="14">
<attrib name="value" value="17"/></item>
<item name="NumNodesOfType_Active_OMUX" rev="14">
<attrib name="value" value="4409"/></item>
<item name="NumNodesOfType_Active_OUTPUT" rev="14">
<attrib name="value" value="5526"/></item>
<item name="NumNodesOfType_Active_PREBXBY" rev="14">
<attrib name="value" value="5334"/></item>
<item name="NumNodesOfType_Active_VFULLHEX" rev="14">
<attrib name="value" value="595"/></item>
<item name="NumNodesOfType_Active_VLONG" rev="14">
<attrib name="value" value="100"/></item>
<item name="NumNodesOfType_Active_VUNIHEX" rev="14">
<attrib name="value" value="1138"/></item>
</group>
<group name="MiscellaneousStatistics">
<item name="AGG_BONDED_IO" rev="13">
<attrib name="value" value="18"/></item>
<item name="AGG_IO" rev="13">
<attrib name="value" value="18"/></item>
<item name="AGG_SLICE" rev="13">
<attrib name="value" value="2884"/></item>
<item name="NUM_4_INPUT_LUT" rev="13">
<attrib name="value" value="4412"/></item>
<item name="NUM_BONDED_IBUF" rev="13">
<attrib name="value" value="9"/></item>
<item name="NUM_BONDED_IOB" rev="13">
<attrib name="value" value="9"/></item>
<item name="NUM_BUFGMUX" rev="13">
<attrib name="value" value="2"/></item>
<item name="NUM_CYMUX" rev="13">
<attrib name="value" value="721"/></item>
<item name="NUM_IOB_FF" rev="13">
<attrib name="value" value="9"/></item>
<item name="NUM_LUT_RT" rev="13">
<attrib name="value" value="122"/></item>
<item name="NUM_RAMB16" rev="13">
<attrib name="value" value="2"/></item>
<item name="NUM_SHIFT" rev="13">
<attrib name="value" value="7"/></item>
<item name="NUM_SLICEL" rev="13">
<attrib name="value" value="2623"/></item>
<item name="NUM_SLICEM" rev="13">
<attrib name="value" value="261"/></item>
<item name="NUM_SLICE_FF" rev="13">
<attrib name="value" value="1826"/></item>
<item name="NUM_SLICE_LATCH" rev="13">
<attrib name="value" value="74"/></item>
<item name="NUM_XOR" rev="13">
<attrib name="value" value="309"/></item>
<item name="Xilinx Core blkmemsp_v6_2, Xilinx CORE Generator 11.1" rev="13">
<attrib name="value" value="2"/></item>
</group>
<group name="SiteStatistics">
<item name="IBUF-DIFFM" rev="14">
<attrib name="value" value="1"/></item>
<item name="IBUF-DIFFMI" rev="14">
<attrib name="value" value="1"/></item>
<item name="IOB-DIFFM" rev="14">
<attrib name="value" value="5"/></item>
<item name="IOB-DIFFS" rev="14">
<attrib name="value" value="4"/></item>
<item name="SLICEL-SLICEM" rev="14">
<attrib name="value" value="1133"/></item>
</group>
</DesignStatistics>
<DeviceUsage TimeStamp="Mon Apr 22 16:15:17 2013"><group name="SiteSummary">
<item name="BUFGMUX" rev="14">
<attrib name="total" value="1000000"/><attrib name="used" value="2"/></item>
<item name="BUFGMUX_GCLKMUX" rev="14">
<attrib name="total" value="1000000"/><attrib name="used" value="2"/></item>
<item name="BUFGMUX_GCLK_BUFFER" rev="14">
<attrib name="total" value="1000000"/><attrib name="used" value="2"/></item>
<item name="IBUF" rev="14">
<attrib name="total" value="1000000"/><attrib name="used" value="9"/></item>
<item name="IBUF_IFD_DELAY" rev="14">
<attrib name="total" value="1000000"/><attrib name="used" value="8"/></item>
<item name="IBUF_IFF1" rev="14">
<attrib name="total" value="1000000"/><attrib name="used" value="8"/></item>
<item name="IBUF_INBUF" rev="14">
<attrib name="total" value="1000000"/><attrib name="used" value="9"/></item>
<item name="IBUF_PAD" rev="14">
<attrib name="total" value="1000000"/><attrib name="used" value="9"/></item>
<item name="IOB" rev="14">
<attrib name="total" value="1000000"/><attrib name="used" value="9"/></item>
<item name="IOB_OFF1" rev="14">
<attrib name="total" value="1000000"/><attrib name="used" value="1"/></item>
<item name="IOB_OUTBUF" rev="14">
<attrib name="total" value="1000000"/><attrib name="used" value="9"/></item>
<item name="IOB_PAD" rev="14">
<attrib name="total" value="1000000"/><attrib name="used" value="9"/></item>
<item name="RAMB16" rev="14">
<attrib name="total" value="1000000"/><attrib name="used" value="2"/></item>
<item name="RAMB16_RAMB16" rev="14">
<attrib name="total" value="1000000"/><attrib name="used" value="2"/></item>
<item name="RAMB16_RAMB16A" rev="14">
<attrib name="total" value="1000000"/><attrib name="used" value="2"/></item>
<item name="SLICEL" rev="14">
<attrib name="total" value="1000000"/><attrib name="used" value="2623"/></item>
<item name="SLICEL_C1VDD" rev="14">
<attrib name="total" value="1000000"/><attrib name="used" value="196"/></item>
<item name="SLICEL_C2VDD" rev="14">
<attrib name="total" value="1000000"/><attrib name="used" value="194"/></item>
<item name="SLICEL_CYMUXF" rev="14">
<attrib name="total" value="1000000"/><attrib name="used" value="366"/></item>
<item name="SLICEL_CYMUXG" rev="14">
<attrib name="total" value="1000000"/><attrib name="used" value="355"/></item>
<item name="SLICEL_F" rev="14">
<attrib name="total" value="1000000"/><attrib name="used" value="1981"/></item>
<item name="SLICEL_F5MUX" rev="14">
<attrib name="total" value="1000000"/><attrib name="used" value="516"/></item>
<item name="SLICEL_F6MUX" rev="14">
<attrib name="total" value="1000000"/><attrib name="used" value="192"/></item>
<item name="SLICEL_FFX" rev="14">
<attrib name="total" value="1000000"/><attrib name="used" value="999"/></item>
<item name="SLICEL_FFY" rev="14">
<attrib name="total" value="1000000"/><attrib name="used" value="894"/></item>
<item name="SLICEL_G" rev="14">
<attrib name="total" value="1000000"/><attrib name="used" value="1912"/></item>
<item name="SLICEL_GNDF" rev="14">
<attrib name="total" value="1000000"/><attrib name="used" value="74"/></item>
<item name="SLICEL_GNDG" rev="14">
<attrib name="total" value="1000000"/><attrib name="used" value="68"/></item>
<item name="SLICEL_XORF" rev="14">
<attrib name="total" value="1000000"/><attrib name="used" value="155"/></item>
<item name="SLICEL_XORG" rev="14">
<attrib name="total" value="1000000"/><attrib name="used" value="154"/></item>
<item name="SLICEM" rev="14">
<attrib name="total" value="1000000"/><attrib name="used" value="261"/></item>
<item name="SLICEM_F" rev="14">
<attrib name="total" value="1000000"/><attrib name="used" value="258"/></item>
<item name="SLICEM_F5MUX" rev="14">
<attrib name="total" value="1000000"/><attrib name="used" value="256"/></item>
<item name="SLICEM_F6MUX" rev="14">
<attrib name="total" value="1000000"/><attrib name="used" value="256"/></item>
<item name="SLICEM_FFX" rev="14">
<attrib name="total" value="1000000"/><attrib name="used" value="2"/></item>
<item name="SLICEM_FFY" rev="14">
<attrib name="total" value="1000000"/><attrib name="used" value="5"/></item>
<item name="SLICEM_G" rev="14">
<attrib name="total" value="1000000"/><attrib name="used" value="261"/></item>
<item name="SLICEM_WSGEN" rev="14">
<attrib name="total" value="1000000"/><attrib name="used" value="5"/></item>
</group>
</DeviceUsage>
<ReportConfigData TimeStamp="Mon Apr 22 16:15:17 2013"><group name="IBUF_PAD">
<item name="IOATTRBOX" rev="14">
<attrib name="LVTTL" value="8"/><attrib name="LVCMOS33" value="1"/></item>
<item name="PULL" rev="14">
<attrib name="PULLUP" value="4"/><attrib name="PULLDOWN" value="4"/></item>
</group>
<group name="IBUF_INBUF">
<item name="IFD_DELAY_VALUE" rev="14">
<attrib name="DLY3" value="8"/></item>
</group>
<group name="SLICEM_F">
<item name="DI" rev="14">
<attrib name="DI" value="2"/><attrib name="DI_INV" value="0"/></item>
<item name="F_ATTR" rev="14">
<attrib name="SHIFT_REG" value="2"/></item>
<item name="LUT_OR_MEM" rev="14">
<attrib name="LUT" value="256"/><attrib name="RAM" value="2"/></item>
</group>
<group name="SLICEM_G">
<item name="DI" rev="14">
<attrib name="DI" value="5"/><attrib name="DI_INV" value="0"/></item>
<item name="G_ATTR" rev="14">
<attrib name="SHIFT_REG" value="5"/></item>
<item name="LUT_OR_MEM" rev="14">
<attrib name="LUT" value="256"/><attrib name="RAM" value="5"/></item>
</group>
<group name="SLICEL">
<item name="BX" rev="14">
<attrib name="BX_INV" value="0"/><attrib name="BX" value="1233"/></item>
<item name="BY" rev="14">
<attrib name="BY" value="863"/><attrib name="BY_INV" value="5"/></item>
<item name="CE" rev="14">
<attrib name="CE" value="693"/><attrib name="CE_INV" value="22"/></item>
<item name="CIN" rev="14">
<attrib name="CIN_INV" value="0"/><attrib name="CIN" value="313"/></item>
<item name="CLK" rev="14">
<attrib name="CLK" value="593"/><attrib name="CLK_INV" value="501"/></item>
<item name="SR" rev="14">
<attrib name="SR" value="49"/><attrib name="SR_INV" value="2"/></item>
</group>
<group name="SLICEM_WSGEN">
<item name="CK" rev="14">
<attrib name="CK" value="5"/><attrib name="CK_INV" value="0"/></item>
<item name="SYNC_ATTR" rev="14">
<attrib name="ASYNC" value="5"/></item>
<item name="WE" rev="14">
<attrib name="WE_INV" value="0"/><attrib name="WE" value="5"/></item>
</group>
<group name="SLICEM">
<item name="BX" rev="14">
<attrib name="BX_INV" value="0"/><attrib name="BX" value="258"/></item>
<item name="BY" rev="14">
<attrib name="BY" value="261"/><attrib name="BY_INV" value="0"/></item>
<item name="CLK" rev="14">
<attrib name="CLK" value="5"/><attrib name="CLK_INV" value="0"/></item>
<item name="SR" rev="14">
<attrib name="SR" value="5"/><attrib name="SR_INV" value="0"/></item>
</group>
<group name="RAMB16">
<item name="CLKA" rev="14">
<attrib name="CLKA_INV" value="2"/><attrib name="CLKA" value="0"/></item>
<item name="ENA" rev="14">
<attrib name="ENA_INV" value="0"/><attrib name="ENA" value="2"/></item>
<item name="SSRA" rev="14">
<attrib name="SSRA_INV" value="0"/><attrib name="SSRA" value="2"/></item>
<item name="WEA" rev="14">
<attrib name="WEA" value="2"/><attrib name="WEA_INV" value="0"/></item>
</group>
<group name="IOB_OFF1">
<item name="CE" rev="14">
<attrib name="CE" value="1"/><attrib name="CE_INV" value="0"/></item>
<item name="CK" rev="14">
<attrib name="CK" value="1"/><attrib name="CK_INV" value="0"/></item>
<item name="D" rev="14">
<attrib name="D" value="1"/><attrib name="D_INV" value="0"/></item>
<item name="LATCH_OR_FF" rev="14">
<attrib name="FF" value="1"/></item>
<item name="OFF1_INIT_ATTR" rev="14">
<attrib name="INIT0" value="1"/></item>
<item name="OFF1_SR_ATTR" rev="14">
<attrib name="SRLOW" value="1"/></item>
<item name="OFFATTRBOX" rev="14">
<attrib name="SYNC" value="1"/></item>
<item name="REV" rev="14">
<attrib name="REV_INV" value="0"/><attrib name="REV" value="1"/></item>
<item name="SR" rev="14">
<attrib name="SR" value="1"/><attrib name="SR_INV" value="0"/></item>
</group>
<group name="IOB_OUTBUF">
<item name="IN" rev="14">
<attrib name="IN_INV" value="0"/><attrib name="IN" value="9"/></item>
</group>
<group name="SLICEL_CYMUXF">
<item name="0" rev="14">
<attrib name="0" value="366"/><attrib name="0_INV" value="0"/></item>
<item name="1" rev="14">
<attrib name="1_INV" value="0"/><attrib name="1" value="366"/></item>
</group>
<group name="SLICEL_CYMUXG">
<item name="0" rev="14">
<attrib name="0" value="355"/><attrib name="0_INV" value="0"/></item>
</group>
<group name="BUFGMUX_GCLKMUX">
<item name="DISABLE_ATTR" rev="14">
<attrib name="LOW" value="2"/></item>
<item name="S" rev="14">
<attrib name="S_INV" value="2"/><attrib name="S" value="0"/></item>
</group>
<group name="IBUF">
<item name="ICE" rev="14">
<attrib name="ICE" value="4"/><attrib name="ICE_INV" value="0"/></item>
<item name="ICLK1" rev="14">
<attrib name="ICLK1_INV" value="0"/><attrib name="ICLK1" value="8"/></item>
</group>
<group name="SLICEL_FFX">
<item name="CE" rev="14">
<attrib name="CE" value="685"/><attrib name="CE_INV" value="21"/></item>
<item name="CK" rev="14">
<attrib name="CK" value="499"/><attrib name="CK_INV" value="500"/></item>
<item name="D" rev="14">
<attrib name="D" value="999"/><attrib name="D_INV" value="0"/></item>
<item name="FFX_INIT_ATTR" rev="14">
<attrib name="INIT0" value="933"/><attrib name="INIT1" value="66"/></item>
<item name="FFX_SR_ATTR" rev="14">
<attrib name="SRLOW" value="991"/><attrib name="SRHIGH" value="8"/></item>
<item name="LATCH_OR_FF" rev="14">
<attrib name="FF" value="993"/><attrib name="LATCH" value="6"/></item>
<item name="REV" rev="14">
<attrib name="REV_INV" value="0"/><attrib name="REV" value="2"/></item>
<item name="SR" rev="14">
<attrib name="SR" value="29"/><attrib name="SR_INV" value="2"/></item>
<item name="SYNC_ATTR" rev="14">
<attrib name="ASYNC" value="970"/><attrib name="SYNC" value="29"/></item>
</group>
<group name="SLICEL_XORF">
<item name="1" rev="14">
<attrib name="1_INV" value="0"/><attrib name="1" value="155"/></item>
</group>
<group name="SLICEL_FFY">
<item name="CE" rev="14">
<attrib name="CE" value="620"/><attrib name="CE_INV" value="16"/></item>
<item name="CK" rev="14">
<attrib name="CK" value="396"/><attrib name="CK_INV" value="498"/></item>
<item name="D" rev="14">
<attrib name="D" value="889"/><attrib name="D_INV" value="5"/></item>
<item name="FFY_INIT_ATTR" rev="14">
<attrib name="INIT0" value="835"/><attrib name="INIT1" value="59"/></item>
<item name="FFY_SR_ATTR" rev="14">
<attrib name="SRLOW" value="885"/><attrib name="SRHIGH" value="9"/></item>
<item name="LATCH_OR_FF" rev="14">
<attrib name="FF" value="826"/><attrib name="LATCH" value="68"/></item>
<item name="REV" rev="14">
<attrib name="REV_INV" value="0"/><attrib name="REV" value="3"/></item>
<item name="SR" rev="14">
<attrib name="SR" value="41"/><attrib name="SR_INV" value="2"/></item>
<item name="SYNC_ATTR" rev="14">
<attrib name="ASYNC" value="853"/><attrib name="SYNC" value="41"/></item>
</group>
<group name="SLICEM_F6MUX">
<item name="S0" rev="14">
<attrib name="S0" value="256"/><attrib name="S0_INV" value="0"/></item>
</group>
<group name="RAMB16_RAMB16A">
<item name="CLKA" rev="14">
<attrib name="CLKA_INV" value="2"/><attrib name="CLKA" value="0"/></item>
<item name="ENA" rev="14">
<attrib name="ENA_INV" value="0"/><attrib name="ENA" value="2"/></item>
<item name="PORTA_ATTR" rev="14">
<attrib name="512X36" value="2"/></item>
<item name="SSRA" rev="14">
<attrib name="SSRA_INV" value="0"/><attrib name="SSRA" value="2"/></item>
<item name="WEA" rev="14">
<attrib name="WEA" value="2"/><attrib name="WEA_INV" value="0"/></item>
<item name="WRITEMODEA" rev="14">
<attrib name="WRITE_FIRST" value="2"/></item>
</group>
<group name="SLICEL_F6MUX">
<item name="S0" rev="14">
<attrib name="S0" value="192"/><attrib name="S0_INV" value="0"/></item>
</group>
<group name="IBUF_IFF1">
<item name="CE" rev="14">
<attrib name="CE" value="4"/><attrib name="CE_INV" value="0"/></item>
<item name="CK" rev="14">
<attrib name="CK" value="8"/><attrib name="CK_INV" value="0"/></item>
<item name="IFF1_INIT_ATTR" rev="14">
<attrib name="INIT0" value="8"/></item>
<item name="LATCH_OR_FF" rev="14">
<attrib name="FF" value="8"/></item>
</group>
<group name="SLICEM_FFX">
<item name="CK" rev="14">
<attrib name="CK" value="2"/><attrib name="CK_INV" value="0"/></item>
<item name="D" rev="14">
<attrib name="D" value="2"/><attrib name="D_INV" value="0"/></item>
<item name="FFX_INIT_ATTR" rev="14">
<attrib name="INIT0" value="2"/></item>
<item name="FFX_SR_ATTR" rev="14">
<attrib name="SRLOW" value="2"/></item>
<item name="LATCH_OR_FF" rev="14">
<attrib name="FF" value="2"/></item>
<item name="SYNC_ATTR" rev="14">
<attrib name="ASYNC" value="2"/></item>
</group>
<group name="SLICEM_FFY">
<item name="CK" rev="14">
<attrib name="CK" value="5"/><attrib name="CK_INV" value="0"/></item>
<item name="D" rev="14">
<attrib name="D" value="5"/><attrib name="D_INV" value="0"/></item>
<item name="FFY_INIT_ATTR" rev="14">
<attrib name="INIT0" value="5"/></item>
<item name="FFY_SR_ATTR" rev="14">
<attrib name="SRLOW" value="5"/></item>
<item name="LATCH_OR_FF" rev="14">
<attrib name="FF" value="5"/></item>
<item name="SYNC_ATTR" rev="14">
<attrib name="ASYNC" value="5"/></item>
</group>
<group name="IOB_PAD">
<item name="DRIVEATTRBOX" rev="14">
<attrib name="4" value="7"/><attrib name="8" value="1"/><attrib name="12" value="1"/></item>
<item name="IOATTRBOX" rev="14">
<attrib name="LVTTL" value="1"/><attrib name="LVCMOS25" value="1"/><attrib name="LVCMOS33" value="7"/></item>
<item name="SLEW" rev="14">
<attrib name="SLOW" value="9"/></item>
</group>
<group name="IOB">
<item name="O1" rev="14">
<attrib name="O1_INV" value="0"/><attrib name="O1" value="9"/></item>
<item name="OCE" rev="14">
<attrib name="OCE" value="1"/><attrib name="OCE_INV" value="0"/></item>
<item name="OTCLK1" rev="14">
<attrib name="OTCLK1_INV" value="0"/><attrib name="OTCLK1" value="1"/></item>
<item name="REV" rev="14">
<attrib name="REV_INV" value="0"/><attrib name="REV" value="1"/></item>
<item name="SR" rev="14">
<attrib name="SR" value="1"/><attrib name="SR_INV" value="0"/></item>
</group>
<group name="BUFGMUX">
<item name="S" rev="14">
<attrib name="S_INV" value="2"/><attrib name="S" value="0"/></item>
</group>
<group name="SLICEM_F5MUX">
<item name="S0" rev="14">
<attrib name="S0" value="256"/><attrib name="S0_INV" value="0"/></item>
</group>
<group name="SLICEL_F5MUX">
<item name="S0" rev="14">
<attrib name="S0" value="516"/><attrib name="S0_INV" value="0"/></item>
</group>
</ReportConfigData>
<ReportPinData TimeStamp="Mon Apr 22 16:15:17 2013"><group name="IBUF_PAD">
<item name="PAD" rev="14">
<attrib name="value" value="9"/></item>
</group>
<group name="IBUF_INBUF">
<item name="IN" rev="14">
<attrib name="value" value="9"/></item>
<item name="OUT" rev="14">
<attrib name="value" value="9"/></item>
</group>
<group name="SLICEM_F">
<item name="A1" rev="14">
<attrib name="value" value="258"/></item>
<item name="A2" rev="14">
<attrib name="value" value="258"/></item>
<item name="A3" rev="14">
<attrib name="value" value="258"/></item>
<item name="A4" rev="14">
<attrib name="value" value="2"/></item>
<item name="D" rev="14">
<attrib name="value" value="258"/></item>
<item name="DI" rev="14">
<attrib name="value" value="2"/></item>
<item name="WS" rev="14">
<attrib name="value" value="2"/></item>
</group>
<group name="SLICEM_G">
<item name="A1" rev="14">
<attrib name="value" value="261"/></item>
<item name="A2" rev="14">
<attrib name="value" value="261"/></item>
<item name="A3" rev="14">
<attrib name="value" value="261"/></item>
<item name="A4" rev="14">
<attrib name="value" value="5"/></item>
<item name="D" rev="14">
<attrib name="value" value="261"/></item>
<item name="DI" rev="14">
<attrib name="value" value="5"/></item>
<item name="WS" rev="14">
<attrib name="value" value="5"/></item>
</group>
<group name="SLICEL">
<item name="BX" rev="14">
<attrib name="value" value="1233"/></item>
<item name="BY" rev="14">
<attrib name="value" value="868"/></item>
<item name="CE" rev="14">
<attrib name="value" value="715"/></item>
<item name="CIN" rev="14">
<attrib name="value" value="313"/></item>
<item name="CLK" rev="14">
<attrib name="value" value="1094"/></item>
<item name="COUT" rev="14">
<attrib name="value" value="355"/></item>
<item name="F1" rev="14">
<attrib name="value" value="1975"/></item>
<item name="F2" rev="14">
<attrib name="value" value="1892"/></item>
<item name="F3" rev="14">
<attrib name="value" value="1750"/></item>
<item name="F4" rev="14">
<attrib name="value" value="1112"/></item>
<item name="F5" rev="14">
<attrib name="value" value="256"/></item>
<item name="FX" rev="14">
<attrib name="value" value="128"/></item>
<item name="FXINA" rev="14">
<attrib name="value" value="192"/></item>
<item name="FXINB" rev="14">
<attrib name="value" value="192"/></item>
<item name="G1" rev="14">
<attrib name="value" value="1910"/></item>
<item name="G2" rev="14">
<attrib name="value" value="1830"/></item>
<item name="G3" rev="14">
<attrib name="value" value="1647"/></item>
<item name="G4" rev="14">
<attrib name="value" value="1035"/></item>
<item name="SR" rev="14">
<attrib name="value" value="51"/></item>
<item name="X" rev="14">
<attrib name="value" value="1284"/></item>
<item name="XB" rev="14">
<attrib name="value" value="2"/></item>
<item name="XQ" rev="14">
<attrib name="value" value="999"/></item>
<item name="Y" rev="14">
<attrib name="value" value="1045"/></item>
<item name="YQ" rev="14">
<attrib name="value" value="894"/></item>
</group>
<group name="SLICEM_WSGEN">
<item name="CK" rev="14">
<attrib name="value" value="5"/></item>
<item name="WE" rev="14">
<attrib name="value" value="5"/></item>
<item name="WSF" rev="14">
<attrib name="value" value="2"/></item>
<item name="WSG" rev="14">
<attrib name="value" value="5"/></item>
</group>
<group name="SLICEM">
<item name="BX" rev="14">
<attrib name="value" value="258"/></item>
<item name="BY" rev="14">
<attrib name="value" value="261"/></item>
<item name="CLK" rev="14">
<attrib name="value" value="5"/></item>
<item name="F1" rev="14">
<attrib name="value" value="258"/></item>
<item name="F2" rev="14">
<attrib name="value" value="258"/></item>
<item name="F3" rev="14">
<attrib name="value" value="258"/></item>
<item name="F4" rev="14">
<attrib name="value" value="2"/></item>
<item name="F5" rev="14">
<attrib name="value" value="256"/></item>
<item name="FX" rev="14">
<attrib name="value" value="256"/></item>
<item name="FXINA" rev="14">
<attrib name="value" value="256"/></item>
<item name="FXINB" rev="14">
<attrib name="value" value="256"/></item>
<item name="G1" rev="14">
<attrib name="value" value="261"/></item>
<item name="G2" rev="14">
<attrib name="value" value="261"/></item>
<item name="G3" rev="14">
<attrib name="value" value="261"/></item>
<item name="G4" rev="14">
<attrib name="value" value="5"/></item>
<item name="SR" rev="14">
<attrib name="value" value="5"/></item>
<item name="XQ" rev="14">
<attrib name="value" value="2"/></item>
<item name="YQ" rev="14">
<attrib name="value" value="5"/></item>
</group>
<group name="RAMB16">
<item name="ADDRA10" rev="14">
<attrib name="value" value="2"/></item>
<item name="ADDRA11" rev="14">
<attrib name="value" value="2"/></item>
<item name="ADDRA12" rev="14">
<attrib name="value" value="2"/></item>
<item name="ADDRA13" rev="14">
<attrib name="value" value="2"/></item>
<item name="ADDRA5" rev="14">
<attrib name="value" value="2"/></item>
<item name="ADDRA6" rev="14">
<attrib name="value" value="2"/></item>
<item name="ADDRA7" rev="14">
<attrib name="value" value="2"/></item>
<item name="ADDRA8" rev="14">
<attrib name="value" value="2"/></item>
<item name="ADDRA9" rev="14">
<attrib name="value" value="2"/></item>
<item name="CLKA" rev="14">
<attrib name="value" value="2"/></item>
<item name="DIA0" rev="14">
<attrib name="value" value="1"/></item>
<item name="DIA1" rev="14">
<attrib name="value" value="1"/></item>
<item name="DIA10" rev="14">
<attrib name="value" value="1"/></item>
<item name="DIA11" rev="14">
<attrib name="value" value="1"/></item>
<item name="DIA12" rev="14">
<attrib name="value" value="1"/></item>
<item name="DIA13" rev="14">
<attrib name="value" value="1"/></item>
<item name="DIA14" rev="14">
<attrib name="value" value="1"/></item>
<item name="DIA15" rev="14">
<attrib name="value" value="1"/></item>
<item name="DIA16" rev="14">
<attrib name="value" value="1"/></item>
<item name="DIA17" rev="14">
<attrib name="value" value="1"/></item>
<item name="DIA18" rev="14">
<attrib name="value" value="1"/></item>
<item name="DIA19" rev="14">
<attrib name="value" value="1"/></item>
<item name="DIA2" rev="14">
<attrib name="value" value="1"/></item>
<item name="DIA20" rev="14">
<attrib name="value" value="1"/></item>
<item name="DIA21" rev="14">
<attrib name="value" value="1"/></item>
<item name="DIA22" rev="14">
<attrib name="value" value="1"/></item>
<item name="DIA23" rev="14">
<attrib name="value" value="1"/></item>
<item name="DIA24" rev="14">
<attrib name="value" value="1"/></item>
<item name="DIA25" rev="14">
<attrib name="value" value="1"/></item>
<item name="DIA26" rev="14">
<attrib name="value" value="1"/></item>
<item name="DIA27" rev="14">
<attrib name="value" value="1"/></item>
<item name="DIA28" rev="14">
<attrib name="value" value="1"/></item>
<item name="DIA29" rev="14">
<attrib name="value" value="1"/></item>
<item name="DIA3" rev="14">
<attrib name="value" value="1"/></item>
<item name="DIA30" rev="14">
<attrib name="value" value="1"/></item>
<item name="DIA31" rev="14">
<attrib name="value" value="1"/></item>
<item name="DIA4" rev="14">
<attrib name="value" value="1"/></item>
<item name="DIA5" rev="14">
<attrib name="value" value="1"/></item>
<item name="DIA6" rev="14">
<attrib name="value" value="1"/></item>
<item name="DIA7" rev="14">
<attrib name="value" value="1"/></item>
<item name="DIA8" rev="14">
<attrib name="value" value="1"/></item>
<item name="DIA9" rev="14">
<attrib name="value" value="1"/></item>
<item name="DIPA0" rev="14">
<attrib name="value" value="1"/></item>
<item name="DIPA1" rev="14">
<attrib name="value" value="1"/></item>
<item name="DIPA2" rev="14">
<attrib name="value" value="1"/></item>
<item name="DIPA3" rev="14">
<attrib name="value" value="1"/></item>
<item name="DOA0" rev="14">
<attrib name="value" value="2"/></item>
<item name="DOA1" rev="14">
<attrib name="value" value="2"/></item>
<item name="DOA10" rev="14">
<attrib name="value" value="2"/></item>
<item name="DOA11" rev="14">
<attrib name="value" value="2"/></item>
<item name="DOA12" rev="14">
<attrib name="value" value="2"/></item>
<item name="DOA13" rev="14">
<attrib name="value" value="2"/></item>
<item name="DOA14" rev="14">
<attrib name="value" value="2"/></item>
<item name="DOA15" rev="14">
<attrib name="value" value="2"/></item>
<item name="DOA16" rev="14">
<attrib name="value" value="2"/></item>
<item name="DOA17" rev="14">
<attrib name="value" value="2"/></item>
<item name="DOA18" rev="14">
<attrib name="value" value="2"/></item>
<item name="DOA19" rev="14">
<attrib name="value" value="2"/></item>
<item name="DOA2" rev="14">
<attrib name="value" value="2"/></item>
<item name="DOA20" rev="14">
<attrib name="value" value="2"/></item>
<item name="DOA21" rev="14">
<attrib name="value" value="2"/></item>
<item name="DOA22" rev="14">
<attrib name="value" value="2"/></item>
<item name="DOA23" rev="14">
<attrib name="value" value="2"/></item>
<item name="DOA24" rev="14">
<attrib name="value" value="2"/></item>
<item name="DOA25" rev="14">
<attrib name="value" value="2"/></item>
<item name="DOA26" rev="14">
<attrib name="value" value="2"/></item>
<item name="DOA27" rev="14">
<attrib name="value" value="2"/></item>
<item name="DOA28" rev="14">
<attrib name="value" value="2"/></item>
<item name="DOA29" rev="14">
<attrib name="value" value="2"/></item>
<item name="DOA3" rev="14">
<attrib name="value" value="2"/></item>
<item name="DOA30" rev="14">
<attrib name="value" value="2"/></item>
<item name="DOA31" rev="14">
<attrib name="value" value="2"/></item>
<item name="DOA4" rev="14">
<attrib name="value" value="2"/></item>
<item name="DOA5" rev="14">
<attrib name="value" value="2"/></item>
<item name="DOA6" rev="14">
<attrib name="value" value="2"/></item>
<item name="DOA7" rev="14">
<attrib name="value" value="2"/></item>
<item name="DOA8" rev="14">
<attrib name="value" value="2"/></item>
<item name="DOA9" rev="14">
<attrib name="value" value="2"/></item>
<item name="ENA" rev="14">
<attrib name="value" value="2"/></item>
<item name="SSRA" rev="14">
<attrib name="value" value="2"/></item>
<item name="WEA" rev="14">
<attrib name="value" value="2"/></item>
</group>
<group name="IOB_OFF1">
<item name="CE" rev="14">
<attrib name="value" value="1"/></item>
<item name="CK" rev="14">
<attrib name="value" value="1"/></item>
<item name="D" rev="14">
<attrib name="value" value="1"/></item>
<item name="Q" rev="14">
<attrib name="value" value="1"/></item>
<item name="REV" rev="14">
<attrib name="value" value="1"/></item>
<item name="SR" rev="14">
<attrib name="value" value="1"/></item>
</group>
<group name="RAMB16_RAMB16">
<item name="ADDRA" rev="14">
<attrib name="value" value="2"/></item>
<item name="DIA" rev="14">
<attrib name="value" value="2"/></item>
<item name="DOA" rev="14">
<attrib name="value" value="2"/></item>
</group>
<group name="IOB_OUTBUF">
<item name="IN" rev="14">
<attrib name="value" value="9"/></item>
<item name="OUT" rev="14">
<attrib name="value" value="9"/></item>
</group>
<group name="SLICEL_CYMUXF">
<item name="0" rev="14">
<attrib name="value" value="366"/></item>
<item name="1" rev="14">
<attrib name="value" value="366"/></item>
<item name="OUT" rev="14">
<attrib name="value" value="366"/></item>
<item name="S0" rev="14">
<attrib name="value" value="366"/></item>
</group>
<group name="SLICEL_CYMUXG">
<item name="0" rev="14">
<attrib name="value" value="355"/></item>
<item name="1" rev="14">
<attrib name="value" value="355"/></item>
<item name="OUT" rev="14">
<attrib name="value" value="355"/></item>
<item name="S0" rev="14">
<attrib name="value" value="355"/></item>
</group>
<group name="BUFGMUX_GCLKMUX">
<item name="I0" rev="14">
<attrib name="value" value="2"/></item>
<item name="OUT" rev="14">
<attrib name="value" value="2"/></item>
<item name="S" rev="14">
<attrib name="value" value="2"/></item>
</group>
<group name="SLICEL_C1VDD">
<item name="1" rev="14">
<attrib name="value" value="196"/></item>
</group>
<group name="IBUF">
<item name="I" rev="14">
<attrib name="value" value="9"/></item>
<item name="ICE" rev="14">
<attrib name="value" value="4"/></item>
<item name="ICLK1" rev="14">
<attrib name="value" value="8"/></item>
<item name="IQ1" rev="14">
<attrib name="value" value="8"/></item>
<item name="PAD" rev="14">
<attrib name="value" value="9"/></item>
</group>
<group name="SLICEL_FFX">
<item name="CE" rev="14">
<attrib name="value" value="706"/></item>
<item name="CK" rev="14">
<attrib name="value" value="999"/></item>
<item name="D" rev="14">
<attrib name="value" value="999"/></item>
<item name="Q" rev="14">
<attrib name="value" value="999"/></item>
<item name="REV" rev="14">
<attrib name="value" value="2"/></item>
<item name="SR" rev="14">
<attrib name="value" value="31"/></item>
</group>
<group name="SLICEL_XORF">
<item name="0" rev="14">
<attrib name="value" value="155"/></item>
<item name="1" rev="14">
<attrib name="value" value="155"/></item>
<item name="O" rev="14">
<attrib name="value" value="155"/></item>
</group>
<group name="SLICEL_FFY">
<item name="CE" rev="14">
<attrib name="value" value="636"/></item>
<item name="CK" rev="14">
<attrib name="value" value="894"/></item>
<item name="D" rev="14">
<attrib name="value" value="894"/></item>
<item name="Q" rev="14">
<attrib name="value" value="894"/></item>
<item name="REV" rev="14">
<attrib name="value" value="3"/></item>
<item name="SR" rev="14">
<attrib name="value" value="43"/></item>
</group>
<group name="SLICEL_XORG">
<item name="0" rev="14">
<attrib name="value" value="154"/></item>
<item name="1" rev="14">
<attrib name="value" value="154"/></item>
<item name="O" rev="14">
<attrib name="value" value="154"/></item>
</group>
<group name="SLICEM_F6MUX">
<item name="0" rev="14">
<attrib name="value" value="256"/></item>
<item name="1" rev="14">
<attrib name="value" value="256"/></item>
<item name="OUT" rev="14">
<attrib name="value" value="256"/></item>
<item name="S0" rev="14">
<attrib name="value" value="256"/></item>
</group>
<group name="RAMB16_RAMB16A">
<item name="ADDRA" rev="14">
<attrib name="value" value="2"/></item>
<item name="ADDRA10" rev="14">
<attrib name="value" value="2"/></item>
<item name="ADDRA11" rev="14">
<attrib name="value" value="2"/></item>
<item name="ADDRA12" rev="14">
<attrib name="value" value="2"/></item>
<item name="ADDRA13" rev="14">
<attrib name="value" value="2"/></item>
<item name="ADDRA5" rev="14">
<attrib name="value" value="2"/></item>
<item name="ADDRA6" rev="14">
<attrib name="value" value="2"/></item>
<item name="ADDRA7" rev="14">
<attrib name="value" value="2"/></item>
<item name="ADDRA8" rev="14">
<attrib name="value" value="2"/></item>
<item name="ADDRA9" rev="14">
<attrib name="value" value="2"/></item>
<item name="CLKA" rev="14">
<attrib name="value" value="2"/></item>
<item name="DIA" rev="14">
<attrib name="value" value="2"/></item>
<item name="DIA0" rev="14">
<attrib name="value" value="1"/></item>
<item name="DIA1" rev="14">
<attrib name="value" value="1"/></item>
<item name="DIA10" rev="14">
<attrib name="value" value="1"/></item>
<item name="DIA11" rev="14">
<attrib name="value" value="1"/></item>
<item name="DIA12" rev="14">
<attrib name="value" value="1"/></item>
<item name="DIA13" rev="14">
<attrib name="value" value="1"/></item>
<item name="DIA14" rev="14">
<attrib name="value" value="1"/></item>
<item name="DIA15" rev="14">
<attrib name="value" value="1"/></item>
<item name="DIA16" rev="14">
<attrib name="value" value="1"/></item>
<item name="DIA17" rev="14">
<attrib name="value" value="1"/></item>
<item name="DIA18" rev="14">
<attrib name="value" value="1"/></item>
<item name="DIA19" rev="14">
<attrib name="value" value="1"/></item>
<item name="DIA2" rev="14">
<attrib name="value" value="1"/></item>
<item name="DIA20" rev="14">
<attrib name="value" value="1"/></item>
<item name="DIA21" rev="14">
<attrib name="value" value="1"/></item>
<item name="DIA22" rev="14">
<attrib name="value" value="1"/></item>
<item name="DIA23" rev="14">
<attrib name="value" value="1"/></item>
<item name="DIA24" rev="14">
<attrib name="value" value="1"/></item>
<item name="DIA25" rev="14">
<attrib name="value" value="1"/></item>
<item name="DIA26" rev="14">
<attrib name="value" value="1"/></item>
<item name="DIA27" rev="14">
<attrib name="value" value="1"/></item>
<item name="DIA28" rev="14">
<attrib name="value" value="1"/></item>
<item name="DIA29" rev="14">
<attrib name="value" value="1"/></item>
<item name="DIA3" rev="14">
<attrib name="value" value="1"/></item>
<item name="DIA30" rev="14">
<attrib name="value" value="1"/></item>
<item name="DIA31" rev="14">
<attrib name="value" value="1"/></item>
<item name="DIA4" rev="14">
<attrib name="value" value="1"/></item>
<item name="DIA5" rev="14">
<attrib name="value" value="1"/></item>
<item name="DIA6" rev="14">
<attrib name="value" value="1"/></item>
<item name="DIA7" rev="14">
<attrib name="value" value="1"/></item>
<item name="DIA8" rev="14">
<attrib name="value" value="1"/></item>
<item name="DIA9" rev="14">
<attrib name="value" value="1"/></item>
<item name="DIPA0" rev="14">
<attrib name="value" value="1"/></item>
<item name="DIPA1" rev="14">
<attrib name="value" value="1"/></item>
<item name="DIPA2" rev="14">
<attrib name="value" value="1"/></item>
<item name="DIPA3" rev="14">
<attrib name="value" value="1"/></item>
<item name="DOA" rev="14">
<attrib name="value" value="2"/></item>
<item name="DOA0" rev="14">
<attrib name="value" value="2"/></item>
<item name="DOA1" rev="14">
<attrib name="value" value="2"/></item>
<item name="DOA10" rev="14">
<attrib name="value" value="2"/></item>
<item name="DOA11" rev="14">
<attrib name="value" value="2"/></item>
<item name="DOA12" rev="14">
<attrib name="value" value="2"/></item>
<item name="DOA13" rev="14">
<attrib name="value" value="2"/></item>
<item name="DOA14" rev="14">
<attrib name="value" value="2"/></item>
<item name="DOA15" rev="14">
<attrib name="value" value="2"/></item>
<item name="DOA16" rev="14">
<attrib name="value" value="2"/></item>
<item name="DOA17" rev="14">
<attrib name="value" value="2"/></item>
<item name="DOA18" rev="14">
<attrib name="value" value="2"/></item>
<item name="DOA19" rev="14">
<attrib name="value" value="2"/></item>
<item name="DOA2" rev="14">
<attrib name="value" value="2"/></item>
<item name="DOA20" rev="14">
<attrib name="value" value="2"/></item>
<item name="DOA21" rev="14">
<attrib name="value" value="2"/></item>
<item name="DOA22" rev="14">
<attrib name="value" value="2"/></item>
<item name="DOA23" rev="14">
<attrib name="value" value="2"/></item>
<item name="DOA24" rev="14">
<attrib name="value" value="2"/></item>
<item name="DOA25" rev="14">
<attrib name="value" value="2"/></item>
<item name="DOA26" rev="14">
<attrib name="value" value="2"/></item>
<item name="DOA27" rev="14">
<attrib name="value" value="2"/></item>
<item name="DOA28" rev="14">
<attrib name="value" value="2"/></item>
<item name="DOA29" rev="14">
<attrib name="value" value="2"/></item>
<item name="DOA3" rev="14">
<attrib name="value" value="2"/></item>
<item name="DOA30" rev="14">
<attrib name="value" value="2"/></item>
<item name="DOA31" rev="14">
<attrib name="value" value="2"/></item>
<item name="DOA4" rev="14">
<attrib name="value" value="2"/></item>
<item name="DOA5" rev="14">
<attrib name="value" value="2"/></item>
<item name="DOA6" rev="14">
<attrib name="value" value="2"/></item>
<item name="DOA7" rev="14">
<attrib name="value" value="2"/></item>
<item name="DOA8" rev="14">
<attrib name="value" value="2"/></item>
<item name="DOA9" rev="14">
<attrib name="value" value="2"/></item>
<item name="ENA" rev="14">
<attrib name="value" value="2"/></item>
<item name="SSRA" rev="14">
<attrib name="value" value="2"/></item>
<item name="WEA" rev="14">
<attrib name="value" value="2"/></item>
</group>
<group name="SLICEL_F6MUX">
<item name="0" rev="14">
<attrib name="value" value="192"/></item>
<item name="1" rev="14">
<attrib name="value" value="192"/></item>
<item name="OUT" rev="14">
<attrib name="value" value="192"/></item>
<item name="S0" rev="14">
<attrib name="value" value="192"/></item>
</group>
<group name="IBUF_IFF1">
<item name="CE" rev="14">
<attrib name="value" value="4"/></item>
<item name="CK" rev="14">
<attrib name="value" value="8"/></item>
<item name="D" rev="14">
<attrib name="value" value="8"/></item>
<item name="Q" rev="14">
<attrib name="value" value="8"/></item>
</group>
<group name="SLICEM_FFX">
<item name="CK" rev="14">
<attrib name="value" value="2"/></item>
<item name="D" rev="14">
<attrib name="value" value="2"/></item>
<item name="Q" rev="14">
<attrib name="value" value="2"/></item>
</group>
<group name="SLICEM_FFY">
<item name="CK" rev="14">
<attrib name="value" value="5"/></item>
<item name="D" rev="14">
<attrib name="value" value="5"/></item>
<item name="Q" rev="14">
<attrib name="value" value="5"/></item>
</group>
<group name="IOB_PAD">
<item name="PAD" rev="14">
<attrib name="value" value="9"/></item>
</group>
<group name="IOB">
<item name="O1" rev="14">
<attrib name="value" value="9"/></item>
<item name="OCE" rev="14">
<attrib name="value" value="1"/></item>
<item name="OTCLK1" rev="14">
<attrib name="value" value="1"/></item>
<item name="PAD" rev="14">
<attrib name="value" value="9"/></item>
<item name="REV" rev="14">
<attrib name="value" value="1"/></item>
<item name="SR" rev="14">
<attrib name="value" value="1"/></item>
</group>
<group name="BUFGMUX">
<item name="I0" rev="14">
<attrib name="value" value="2"/></item>
<item name="O" rev="14">
<attrib name="value" value="2"/></item>
<item name="S" rev="14">
<attrib name="value" value="2"/></item>
</group>
<group name="SLICEM_F5MUX">
<item name="F" rev="14">
<attrib name="value" value="256"/></item>
<item name="G" rev="14">
<attrib name="value" value="256"/></item>
<item name="OUT" rev="14">
<attrib name="value" value="256"/></item>
<item name="S0" rev="14">
<attrib name="value" value="256"/></item>
</group>
<group name="SLICEL_C2VDD">
<item name="1" rev="14">
<attrib name="value" value="194"/></item>
</group>
<group name="BUFGMUX_GCLK_BUFFER">
<item name="IN" rev="14">
<attrib name="value" value="2"/></item>
<item name="OUT" rev="14">
<attrib name="value" value="2"/></item>
</group>
<group name="SLICEL_F">
<item name="A1" rev="14">
<attrib name="value" value="1975"/></item>
<item name="A2" rev="14">
<attrib name="value" value="1892"/></item>
<item name="A3" rev="14">
<attrib name="value" value="1750"/></item>
<item name="A4" rev="14">
<attrib name="value" value="1112"/></item>
<item name="D" rev="14">
<attrib name="value" value="1981"/></item>
</group>
<group name="SLICEL_F5MUX">
<item name="F" rev="14">
<attrib name="value" value="516"/></item>
<item name="G" rev="14">
<attrib name="value" value="516"/></item>
<item name="OUT" rev="14">
<attrib name="value" value="516"/></item>
<item name="S0" rev="14">
<attrib name="value" value="516"/></item>
</group>
<group name="SLICEL_G">
<item name="A1" rev="14">
<attrib name="value" value="1910"/></item>
<item name="A2" rev="14">
<attrib name="value" value="1830"/></item>
<item name="A3" rev="14">
<attrib name="value" value="1647"/></item>
<item name="A4" rev="14">
<attrib name="value" value="1035"/></item>
<item name="D" rev="14">
<attrib name="value" value="1912"/></item>
</group>
<group name="SLICEL_GNDF">
<item name="0" rev="14">
<attrib name="value" value="74"/></item>
</group>
<group name="IBUF_IFD_DELAY">
<item name="IN" rev="14">
<attrib name="value" value="8"/></item>
<item name="OUT" rev="14">
<attrib name="value" value="8"/></item>
</group>
<group name="SLICEL_GNDG">
<item name="0" rev="14">
<attrib name="value" value="68"/></item>
</group>
</ReportPinData>
<CmdHistory>
</CmdHistory>
</DeviceUsageSummary>
