<?xml version="1.0" encoding="UTF-8"?>
<!-- IMPORTANT: This is an internal file that has been generated
     by the Xilinx ISE software.  Any direct editing or
     changes made to this file may result in unpredictable
     behavior or data corruption.  It is strongly advised that
     users do not edit the contents of this file. -->
<DeviceUsageSummary rev="4">
<DesignStatistics TimeStamp="Tue Jun 05 18:56:03 2012"><group name="NetStatistics">
<item name="NumNets_Active" rev="4">
<attrib name="value" value="5688"/></item>
<item name="NumNets_Gnd" rev="4">
<attrib name="value" value="1"/></item>
<item name="NumNets_Vcc" rev="4">
<attrib name="value" value="1"/></item>
<item name="NumNodesOfType_Active_BRAMADDR" rev="4">
<attrib name="value" value="16"/></item>
<item name="NumNodesOfType_Active_BRAMDUMMY" rev="4">
<attrib name="value" value="97"/></item>
<item name="NumNodesOfType_Active_CLKPIN" rev="4">
<attrib name="value" value="1121"/></item>
<item name="NumNodesOfType_Active_CNTRLPIN" rev="4">
<attrib name="value" value="780"/></item>
<item name="NumNodesOfType_Active_DOUBLE" rev="4">
<attrib name="value" value="16068"/></item>
<item name="NumNodesOfType_Active_DUMMY" rev="4">
<attrib name="value" value="15079"/></item>
<item name="NumNodesOfType_Active_DUMMYBANK" rev="4">
<attrib name="value" value="31"/></item>
<item name="NumNodesOfType_Active_DUMMYESC" rev="4">
<attrib name="value" value="9"/></item>
<item name="NumNodesOfType_Active_GLOBAL" rev="4">
<attrib name="value" value="271"/></item>
<item name="NumNodesOfType_Active_HFULLHEX" rev="4">
<attrib name="value" value="191"/></item>
<item name="NumNodesOfType_Active_HLONG" rev="4">
<attrib name="value" value="25"/></item>
<item name="NumNodesOfType_Active_HUNIHEX" rev="4">
<attrib name="value" value="1153"/></item>
<item name="NumNodesOfType_Active_INPUT" rev="4">
<attrib name="value" value="18943"/></item>
<item name="NumNodesOfType_Active_IOBOUTPUT" rev="4">
<attrib name="value" value="17"/></item>
<item name="NumNodesOfType_Active_OMUX" rev="4">
<attrib name="value" value="4210"/></item>
<item name="NumNodesOfType_Active_OUTPUT" rev="4">
<attrib name="value" value="5630"/></item>
<item name="NumNodesOfType_Active_PREBXBY" rev="4">
<attrib name="value" value="5233"/></item>
<item name="NumNodesOfType_Active_VFULLHEX" rev="4">
<attrib name="value" value="722"/></item>
<item name="NumNodesOfType_Active_VLONG" rev="4">
<attrib name="value" value="141"/></item>
<item name="NumNodesOfType_Active_VUNIHEX" rev="4">
<attrib name="value" value="1357"/></item>
</group>
<group name="MiscellaneousStatistics">
<item name="AVG_LUT_FAN_IN" rev="3">
<attrib name="value" value="3.434800"/></item>
<item name="AVG_SIG_FANOUT" rev="3">
<attrib name="value" value="2.630000"/></item>
<item name="FOUR_LOAD_SIG" rev="3">
<attrib name="value" value="47"/></item>
<item name="LUT" rev="3">
<attrib name="value" value="4349"/></item>
<item name="MAX_SIG_FANOUT" rev="3">
<attrib name="value" value="148"/></item>
<item name="PK_NUM_4_INPUT_LUTS" rev="3">
<attrib name="value" value="4349"/></item>
<item name="PK_NUM_4_INPUT_LUT_RTS" rev="3">
<attrib name="value" value="129"/></item>
<item name="PK_NUM_BONDED_IOBS" rev="3">
<attrib name="value" value="18"/></item>
<item name="PK_NUM_CYINIT" rev="3">
<attrib name="value" value="364"/></item>
<item name="PK_NUM_CYMUX" rev="3">
<attrib name="value" value="713"/></item>
<item name="PK_NUM_EQUIV_GATES" rev="3">
<attrib name="value" value="179"/></item>
<item name="PK_NUM_IOB_FFS" rev="3">
<attrib name="value" value="9"/></item>
<item name="PK_NUM_JTAG_GATES" rev="3">
<attrib name="value" value="18"/></item>
<item name="PK_NUM_LUTLESS_IOB_FFS" rev="3">
<attrib name="value" value="8"/></item>
<item name="PK_NUM_LUTLESS_SLICE_FFS" rev="3">
<attrib name="value" value="412"/></item>
<item name="PK_NUM_LUTLESS_SLICE_LATS" rev="3">
<attrib name="value" value="74"/></item>
<item name="PK_NUM_MUXF5" rev="3">
<attrib name="value" value="759"/></item>
<item name="PK_NUM_MUXF6" rev="3">
<attrib name="value" value="257"/></item>
<item name="PK_NUM_MUXF7" rev="3">
<attrib name="value" value="128"/></item>
<item name="PK_NUM_MUXF8" rev="3">
<attrib name="value" value="64"/></item>
<item name="PK_NUM_MUXFS" rev="3">
<attrib name="value" value="1208"/></item>
<item name="PK_NUM_SHIFTS" rev="3">
<attrib name="value" value="8"/></item>
<item name="PK_NUM_SLICELS" rev="3">
<attrib name="value" value="2664"/></item>
<item name="PK_NUM_SLICEMS" rev="3">
<attrib name="value" value="262"/></item>
<item name="PK_NUM_SLICES" rev="3">
<attrib name="value" value="2926"/></item>
<item name="PK_NUM_SLICE_FFS" rev="3">
<attrib name="value" value="1822"/></item>
<item name="PK_NUM_SLICE_LATS" rev="3">
<attrib name="value" value="74"/></item>
<item name="PK_NUM_STATIC_SHIFTS" rev="3">
<attrib name="value" value="8"/></item>
<item name="PK_NUM_XBZ_BLOCKRAMS" rev="3">
<attrib name="value" value="2"/></item>
<item name="PK_NUM_XBZ_GCLKS" rev="3">
<attrib name="value" value="2"/></item>
<item name="PK_NUM_XOR" rev="3">
<attrib name="value" value="303"/></item>
<item name="SINGLE_LOAD_SIG" rev="3">
<attrib name="value" value="3502"/></item>
<item name="THREE_LOAD_SIG" rev="3">
<attrib name="value" value="78"/></item>
<item name="TWO_LOAD_SIG" rev="3">
<attrib name="value" value="382"/></item>
<item name="Xilinx Core blkmemsp_v6_2, Coregen 9.1i" rev="3">
<attrib name="value" value="2"/></item>
</group>
</DesignStatistics>
<DeviceUsage TimeStamp="Tue Jun 05 18:56:03 2012"><group name="SiteSummary">
<item name="BUFGMUX" rev="4">
<attrib name="total" value="1000000"/><attrib name="used" value="2"/></item>
<item name="BUFGMUX_GCLKMUX" rev="4">
<attrib name="total" value="1000000"/><attrib name="used" value="2"/></item>
<item name="BUFGMUX_GCLK_BUFFER" rev="4">
<attrib name="total" value="1000000"/><attrib name="used" value="2"/></item>
<item name="IBUF" rev="4">
<attrib name="total" value="1000000"/><attrib name="used" value="9"/></item>
<item name="IBUF_IFD_DELAY" rev="4">
<attrib name="total" value="1000000"/><attrib name="used" value="8"/></item>
<item name="IBUF_IFF1" rev="4">
<attrib name="total" value="1000000"/><attrib name="used" value="8"/></item>
<item name="IBUF_INBUF" rev="4">
<attrib name="total" value="1000000"/><attrib name="used" value="9"/></item>
<item name="IBUF_PAD" rev="4">
<attrib name="total" value="1000000"/><attrib name="used" value="9"/></item>
<item name="IOB" rev="4">
<attrib name="total" value="1000000"/><attrib name="used" value="9"/></item>
<item name="IOB_OFF1" rev="4">
<attrib name="total" value="1000000"/><attrib name="used" value="1"/></item>
<item name="IOB_OUTBUF" rev="4">
<attrib name="total" value="1000000"/><attrib name="used" value="9"/></item>
<item name="IOB_PAD" rev="4">
<attrib name="total" value="1000000"/><attrib name="used" value="9"/></item>
<item name="RAMB16" rev="4">
<attrib name="total" value="1000000"/><attrib name="used" value="2"/></item>
<item name="RAMB16_RAMB16" rev="4">
<attrib name="total" value="1000000"/><attrib name="used" value="2"/></item>
<item name="RAMB16_RAMB16A" rev="4">
<attrib name="total" value="1000000"/><attrib name="used" value="2"/></item>
<item name="SLICEL" rev="4">
<attrib name="total" value="1000000"/><attrib name="used" value="2664"/></item>
<item name="SLICEL_C1VDD" rev="4">
<attrib name="total" value="1000000"/><attrib name="used" value="196"/></item>
<item name="SLICEL_C2VDD" rev="4">
<attrib name="total" value="1000000"/><attrib name="used" value="194"/></item>
<item name="SLICEL_CYMUXF" rev="4">
<attrib name="total" value="1000000"/><attrib name="used" value="362"/></item>
<item name="SLICEL_CYMUXG" rev="4">
<attrib name="total" value="1000000"/><attrib name="used" value="351"/></item>
<item name="SLICEL_F" rev="4">
<attrib name="total" value="1000000"/><attrib name="used" value="2021"/></item>
<item name="SLICEL_F5MUX" rev="4">
<attrib name="total" value="1000000"/><attrib name="used" value="503"/></item>
<item name="SLICEL_F6MUX" rev="4">
<attrib name="total" value="1000000"/><attrib name="used" value="193"/></item>
<item name="SLICEL_FFX" rev="4">
<attrib name="total" value="1000000"/><attrib name="used" value="999"/></item>
<item name="SLICEL_FFY" rev="4">
<attrib name="total" value="1000000"/><attrib name="used" value="889"/></item>
<item name="SLICEL_G" rev="4">
<attrib name="total" value="1000000"/><attrib name="used" value="1958"/></item>
<item name="SLICEL_GNDF" rev="4">
<attrib name="total" value="1000000"/><attrib name="used" value="70"/></item>
<item name="SLICEL_GNDG" rev="4">
<attrib name="total" value="1000000"/><attrib name="used" value="64"/></item>
<item name="SLICEL_XORF" rev="4">
<attrib name="total" value="1000000"/><attrib name="used" value="149"/></item>
<item name="SLICEL_XORG" rev="4">
<attrib name="total" value="1000000"/><attrib name="used" value="154"/></item>
<item name="SLICEM" rev="4">
<attrib name="total" value="1000000"/><attrib name="used" value="262"/></item>
<item name="SLICEM_F" rev="4">
<attrib name="total" value="1000000"/><attrib name="used" value="258"/></item>
<item name="SLICEM_F5MUX" rev="4">
<attrib name="total" value="1000000"/><attrib name="used" value="256"/></item>
<item name="SLICEM_F6MUX" rev="4">
<attrib name="total" value="1000000"/><attrib name="used" value="256"/></item>
<item name="SLICEM_FFX" rev="4">
<attrib name="total" value="1000000"/><attrib name="used" value="2"/></item>
<item name="SLICEM_FFY" rev="4">
<attrib name="total" value="1000000"/><attrib name="used" value="6"/></item>
<item name="SLICEM_G" rev="4">
<attrib name="total" value="1000000"/><attrib name="used" value="262"/></item>
<item name="SLICEM_WSGEN" rev="4">
<attrib name="total" value="1000000"/><attrib name="used" value="6"/></item>
</group>
</DeviceUsage>
<ReportConfigData TimeStamp="Tue Jun 05 18:56:03 2012"><group name="IBUF_PAD">
<item name="IOATTRBOX" rev="4">
<attrib name="LVTTL" value="8"/><attrib name="LVCMOS33" value="1"/></item>
<item name="PULL" rev="4">
<attrib name="PULLUP" value="4"/><attrib name="PULLDOWN" value="4"/></item>
</group>
<group name="IBUF_INBUF">
<item name="IFD_DELAY_VALUE" rev="4">
<attrib name="DLY2" value="8"/></item>
</group>
<group name="SLICEM_F">
<item name="F_ATTR" rev="4">
<attrib name="SHIFT_REG" value="2"/></item>
<item name="LUT_OR_MEM" rev="4">
<attrib name="LUT" value="256"/><attrib name="RAM" value="2"/></item>
</group>
<group name="SLICEM_G">
<item name="G_ATTR" rev="4">
<attrib name="SHIFT_REG" value="6"/></item>
<item name="LUT_OR_MEM" rev="4">
<attrib name="LUT" value="256"/><attrib name="RAM" value="6"/></item>
</group>
<group name="SLICEM_WSGEN">
<item name="SYNC_ATTR" rev="4">
<attrib name="ASYNC" value="6"/></item>
</group>
<group name="IOB_OFF1">
<item name="LATCH_OR_FF" rev="4">
<attrib name="FF" value="1"/></item>
<item name="OFF1_INIT_ATTR" rev="4">
<attrib name="INIT0" value="1"/></item>
<item name="OFF1_SR_ATTR" rev="4">
<attrib name="SRLOW" value="1"/></item>
<item name="OFFATTRBOX" rev="4">
<attrib name="SYNC" value="1"/></item>
</group>
<group name="BUFGMUX_GCLKMUX">
<item name="DISABLE_ATTR" rev="4">
<attrib name="LOW" value="2"/></item>
</group>
<group name="SLICEL_FFX">
<item name="FFX_INIT_ATTR" rev="4">
<attrib name="INIT0" value="931"/><attrib name="INIT1" value="68"/></item>
<item name="FFX_SR_ATTR" rev="4">
<attrib name="SRLOW" value="991"/><attrib name="SRHIGH" value="8"/></item>
<item name="LATCH_OR_FF" rev="4">
<attrib name="FF" value="993"/><attrib name="LATCH" value="6"/></item>
<item name="SYNC_ATTR" rev="4">
<attrib name="ASYNC" value="973"/><attrib name="SYNC" value="26"/></item>
</group>
<group name="SLICEL_FFY">
<item name="FFY_INIT_ATTR" rev="4">
<attrib name="INIT0" value="832"/><attrib name="INIT1" value="57"/></item>
<item name="FFY_SR_ATTR" rev="4">
<attrib name="SRLOW" value="880"/><attrib name="SRHIGH" value="9"/></item>
<item name="LATCH_OR_FF" rev="4">
<attrib name="FF" value="821"/><attrib name="LATCH" value="68"/></item>
<item name="SYNC_ATTR" rev="4">
<attrib name="ASYNC" value="851"/><attrib name="SYNC" value="38"/></item>
</group>
<group name="RAMB16_RAMB16A">
<item name="PORTA_ATTR" rev="4">
<attrib name="512X36" value="2"/></item>
<item name="WRITEMODEA" rev="4">
<attrib name="WRITE_FIRST" value="2"/></item>
</group>
<group name="IBUF_IFF1">
<item name="IFF1_INIT_ATTR" rev="4">
<attrib name="INIT0" value="8"/></item>
<item name="LATCH_OR_FF" rev="4">
<attrib name="FF" value="8"/></item>
</group>
<group name="SLICEM_FFX">
<item name="FFX_INIT_ATTR" rev="4">
<attrib name="INIT0" value="2"/></item>
<item name="FFX_SR_ATTR" rev="4">
<attrib name="SRLOW" value="2"/></item>
<item name="LATCH_OR_FF" rev="4">
<attrib name="FF" value="2"/></item>
<item name="SYNC_ATTR" rev="4">
<attrib name="ASYNC" value="2"/></item>
</group>
<group name="SLICEM_FFY">
<item name="FFY_INIT_ATTR" rev="4">
<attrib name="INIT0" value="6"/></item>
<item name="FFY_SR_ATTR" rev="4">
<attrib name="SRLOW" value="6"/></item>
<item name="LATCH_OR_FF" rev="4">
<attrib name="FF" value="6"/></item>
<item name="SYNC_ATTR" rev="4">
<attrib name="ASYNC" value="6"/></item>
</group>
<group name="IOB_PAD">
<item name="DRIVEATTRBOX" rev="4">
<attrib name="4" value="7"/><attrib name="8" value="1"/><attrib name="12" value="1"/></item>
<item name="IOATTRBOX" rev="4">
<attrib name="LVTTL" value="1"/><attrib name="LVCMOS25" value="1"/><attrib name="LVCMOS33" value="7"/></item>
<item name="SLEW" rev="4">
<attrib name="SLOW" value="9"/></item>
</group>
</ReportConfigData>
<ReportPinData TimeStamp="Tue Jun 05 18:56:03 2012"><group name="IBUF_PAD">
<item name="PAD" rev="4">
<attrib name="value" value="9"/></item>
</group>
<group name="IBUF_INBUF">
<item name="IN" rev="4">
<attrib name="value" value="9"/></item>
<item name="OUT" rev="4">
<attrib name="value" value="9"/></item>
</group>
<group name="SLICEM_F">
<item name="A1" rev="4">
<attrib name="value" value="258"/></item>
<item name="A2" rev="4">
<attrib name="value" value="258"/></item>
<item name="A3" rev="4">
<attrib name="value" value="258"/></item>
<item name="A4" rev="4">
<attrib name="value" value="2"/></item>
<item name="D" rev="4">
<attrib name="value" value="258"/></item>
<item name="DI" rev="4">
<attrib name="value" value="2"/></item>
<item name="WS" rev="4">
<attrib name="value" value="2"/></item>
</group>
<group name="SLICEM_G">
<item name="A1" rev="4">
<attrib name="value" value="262"/></item>
<item name="A2" rev="4">
<attrib name="value" value="262"/></item>
<item name="A3" rev="4">
<attrib name="value" value="262"/></item>
<item name="A4" rev="4">
<attrib name="value" value="6"/></item>
<item name="D" rev="4">
<attrib name="value" value="262"/></item>
<item name="DI" rev="4">
<attrib name="value" value="6"/></item>
<item name="WS" rev="4">
<attrib name="value" value="6"/></item>
</group>
<group name="SLICEM_WSGEN">
<item name="CK" rev="4">
<attrib name="value" value="6"/></item>
<item name="WE" rev="4">
<attrib name="value" value="6"/></item>
<item name="WSF" rev="4">
<attrib name="value" value="2"/></item>
<item name="WSG" rev="4">
<attrib name="value" value="6"/></item>
</group>
<group name="SLICEL">
<item name="BX" rev="4">
<attrib name="value" value="1215"/></item>
<item name="BY" rev="4">
<attrib name="value" value="869"/></item>
<item name="CE" rev="4">
<attrib name="value" value="725"/></item>
<item name="CIN" rev="4">
<attrib name="value" value="310"/></item>
<item name="CLK" rev="4">
<attrib name="value" value="1104"/></item>
<item name="COUT" rev="4">
<attrib name="value" value="351"/></item>
<item name="F1" rev="4">
<attrib name="value" value="2010"/></item>
<item name="F2" rev="4">
<attrib name="value" value="1923"/></item>
<item name="F3" rev="4">
<attrib name="value" value="1840"/></item>
<item name="F4" rev="4">
<attrib name="value" value="1141"/></item>
<item name="F5" rev="4">
<attrib name="value" value="258"/></item>
<item name="FX" rev="4">
<attrib name="value" value="128"/></item>
<item name="FXINA" rev="4">
<attrib name="value" value="193"/></item>
<item name="FXINB" rev="4">
<attrib name="value" value="193"/></item>
<item name="G1" rev="4">
<attrib name="value" value="1956"/></item>
<item name="G2" rev="4">
<attrib name="value" value="1873"/></item>
<item name="G3" rev="4">
<attrib name="value" value="1720"/></item>
<item name="G4" rev="4">
<attrib name="value" value="1068"/></item>
<item name="SR" rev="4">
<attrib name="value" value="48"/></item>
<item name="X" rev="4">
<attrib name="value" value="1315"/></item>
<item name="XB" rev="4">
<attrib name="value" value="2"/></item>
<item name="XQ" rev="4">
<attrib name="value" value="999"/></item>
<item name="Y" rev="4">
<attrib name="value" value="1125"/></item>
<item name="YQ" rev="4">
<attrib name="value" value="889"/></item>
</group>
<group name="SLICEM">
<item name="BX" rev="4">
<attrib name="value" value="258"/></item>
<item name="BY" rev="4">
<attrib name="value" value="262"/></item>
<item name="CLK" rev="4">
<attrib name="value" value="6"/></item>
<item name="F1" rev="4">
<attrib name="value" value="258"/></item>
<item name="F2" rev="4">
<attrib name="value" value="258"/></item>
<item name="F3" rev="4">
<attrib name="value" value="258"/></item>
<item name="F4" rev="4">
<attrib name="value" value="2"/></item>
<item name="F5" rev="4">
<attrib name="value" value="256"/></item>
<item name="FX" rev="4">
<attrib name="value" value="256"/></item>
<item name="FXINA" rev="4">
<attrib name="value" value="256"/></item>
<item name="FXINB" rev="4">
<attrib name="value" value="256"/></item>
<item name="G1" rev="4">
<attrib name="value" value="262"/></item>
<item name="G2" rev="4">
<attrib name="value" value="262"/></item>
<item name="G3" rev="4">
<attrib name="value" value="262"/></item>
<item name="G4" rev="4">
<attrib name="value" value="6"/></item>
<item name="SR" rev="4">
<attrib name="value" value="6"/></item>
<item name="XQ" rev="4">
<attrib name="value" value="2"/></item>
<item name="YQ" rev="4">
<attrib name="value" value="6"/></item>
</group>
<group name="RAMB16">
<item name="ADDRA10" rev="4">
<attrib name="value" value="2"/></item>
<item name="ADDRA11" rev="4">
<attrib name="value" value="2"/></item>
<item name="ADDRA12" rev="4">
<attrib name="value" value="2"/></item>
<item name="ADDRA13" rev="4">
<attrib name="value" value="2"/></item>
<item name="ADDRA5" rev="4">
<attrib name="value" value="2"/></item>
<item name="ADDRA6" rev="4">
<attrib name="value" value="2"/></item>
<item name="ADDRA7" rev="4">
<attrib name="value" value="2"/></item>
<item name="ADDRA8" rev="4">
<attrib name="value" value="2"/></item>
<item name="ADDRA9" rev="4">
<attrib name="value" value="2"/></item>
<item name="CLKA" rev="4">
<attrib name="value" value="2"/></item>
<item name="DIA0" rev="4">
<attrib name="value" value="1"/></item>
<item name="DIA1" rev="4">
<attrib name="value" value="1"/></item>
<item name="DIA10" rev="4">
<attrib name="value" value="1"/></item>
<item name="DIA11" rev="4">
<attrib name="value" value="1"/></item>
<item name="DIA12" rev="4">
<attrib name="value" value="1"/></item>
<item name="DIA13" rev="4">
<attrib name="value" value="1"/></item>
<item name="DIA14" rev="4">
<attrib name="value" value="1"/></item>
<item name="DIA15" rev="4">
<attrib name="value" value="1"/></item>
<item name="DIA16" rev="4">
<attrib name="value" value="1"/></item>
<item name="DIA17" rev="4">
<attrib name="value" value="1"/></item>
<item name="DIA18" rev="4">
<attrib name="value" value="1"/></item>
<item name="DIA19" rev="4">
<attrib name="value" value="1"/></item>
<item name="DIA2" rev="4">
<attrib name="value" value="1"/></item>
<item name="DIA20" rev="4">
<attrib name="value" value="1"/></item>
<item name="DIA21" rev="4">
<attrib name="value" value="1"/></item>
<item name="DIA22" rev="4">
<attrib name="value" value="1"/></item>
<item name="DIA23" rev="4">
<attrib name="value" value="1"/></item>
<item name="DIA24" rev="4">
<attrib name="value" value="1"/></item>
<item name="DIA25" rev="4">
<attrib name="value" value="1"/></item>
<item name="DIA26" rev="4">
<attrib name="value" value="1"/></item>
<item name="DIA27" rev="4">
<attrib name="value" value="1"/></item>
<item name="DIA28" rev="4">
<attrib name="value" value="1"/></item>
<item name="DIA29" rev="4">
<attrib name="value" value="1"/></item>
<item name="DIA3" rev="4">
<attrib name="value" value="1"/></item>
<item name="DIA30" rev="4">
<attrib name="value" value="1"/></item>
<item name="DIA31" rev="4">
<attrib name="value" value="1"/></item>
<item name="DIA4" rev="4">
<attrib name="value" value="1"/></item>
<item name="DIA5" rev="4">
<attrib name="value" value="1"/></item>
<item name="DIA6" rev="4">
<attrib name="value" value="1"/></item>
<item name="DIA7" rev="4">
<attrib name="value" value="1"/></item>
<item name="DIA8" rev="4">
<attrib name="value" value="1"/></item>
<item name="DIA9" rev="4">
<attrib name="value" value="1"/></item>
<item name="DIPA0" rev="4">
<attrib name="value" value="1"/></item>
<item name="DIPA1" rev="4">
<attrib name="value" value="1"/></item>
<item name="DIPA2" rev="4">
<attrib name="value" value="1"/></item>
<item name="DIPA3" rev="4">
<attrib name="value" value="1"/></item>
<item name="DOA0" rev="4">
<attrib name="value" value="2"/></item>
<item name="DOA1" rev="4">
<attrib name="value" value="2"/></item>
<item name="DOA10" rev="4">
<attrib name="value" value="2"/></item>
<item name="DOA11" rev="4">
<attrib name="value" value="2"/></item>
<item name="DOA12" rev="4">
<attrib name="value" value="2"/></item>
<item name="DOA13" rev="4">
<attrib name="value" value="2"/></item>
<item name="DOA14" rev="4">
<attrib name="value" value="2"/></item>
<item name="DOA15" rev="4">
<attrib name="value" value="2"/></item>
<item name="DOA16" rev="4">
<attrib name="value" value="2"/></item>
<item name="DOA17" rev="4">
<attrib name="value" value="2"/></item>
<item name="DOA18" rev="4">
<attrib name="value" value="2"/></item>
<item name="DOA19" rev="4">
<attrib name="value" value="2"/></item>
<item name="DOA2" rev="4">
<attrib name="value" value="2"/></item>
<item name="DOA20" rev="4">
<attrib name="value" value="2"/></item>
<item name="DOA21" rev="4">
<attrib name="value" value="2"/></item>
<item name="DOA22" rev="4">
<attrib name="value" value="2"/></item>
<item name="DOA23" rev="4">
<attrib name="value" value="2"/></item>
<item name="DOA24" rev="4">
<attrib name="value" value="2"/></item>
<item name="DOA25" rev="4">
<attrib name="value" value="2"/></item>
<item name="DOA26" rev="4">
<attrib name="value" value="2"/></item>
<item name="DOA27" rev="4">
<attrib name="value" value="2"/></item>
<item name="DOA28" rev="4">
<attrib name="value" value="2"/></item>
<item name="DOA29" rev="4">
<attrib name="value" value="2"/></item>
<item name="DOA3" rev="4">
<attrib name="value" value="2"/></item>
<item name="DOA30" rev="4">
<attrib name="value" value="2"/></item>
<item name="DOA31" rev="4">
<attrib name="value" value="2"/></item>
<item name="DOA4" rev="4">
<attrib name="value" value="2"/></item>
<item name="DOA5" rev="4">
<attrib name="value" value="2"/></item>
<item name="DOA6" rev="4">
<attrib name="value" value="2"/></item>
<item name="DOA7" rev="4">
<attrib name="value" value="2"/></item>
<item name="DOA8" rev="4">
<attrib name="value" value="2"/></item>
<item name="DOA9" rev="4">
<attrib name="value" value="2"/></item>
<item name="ENA" rev="4">
<attrib name="value" value="2"/></item>
<item name="SSRA" rev="4">
<attrib name="value" value="2"/></item>
<item name="WEA" rev="4">
<attrib name="value" value="2"/></item>
</group>
<group name="RAMB16_RAMB16">
<item name="ADDRA" rev="4">
<attrib name="value" value="2"/></item>
<item name="DIA" rev="4">
<attrib name="value" value="2"/></item>
<item name="DOA" rev="4">
<attrib name="value" value="2"/></item>
</group>
<group name="IOB_OFF1">
<item name="CE" rev="4">
<attrib name="value" value="1"/></item>
<item name="CK" rev="4">
<attrib name="value" value="1"/></item>
<item name="D" rev="4">
<attrib name="value" value="1"/></item>
<item name="Q" rev="4">
<attrib name="value" value="1"/></item>
<item name="REV" rev="4">
<attrib name="value" value="1"/></item>
<item name="SR" rev="4">
<attrib name="value" value="1"/></item>
</group>
<group name="IOB_OUTBUF">
<item name="IN" rev="4">
<attrib name="value" value="9"/></item>
<item name="OUT" rev="4">
<attrib name="value" value="9"/></item>
</group>
<group name="SLICEL_CYMUXF">
<item name="0" rev="4">
<attrib name="value" value="362"/></item>
<item name="1" rev="4">
<attrib name="value" value="362"/></item>
<item name="OUT" rev="4">
<attrib name="value" value="362"/></item>
<item name="S0" rev="4">
<attrib name="value" value="362"/></item>
</group>
<group name="SLICEL_CYMUXG">
<item name="0" rev="4">
<attrib name="value" value="351"/></item>
<item name="1" rev="4">
<attrib name="value" value="351"/></item>
<item name="OUT" rev="4">
<attrib name="value" value="351"/></item>
<item name="S0" rev="4">
<attrib name="value" value="351"/></item>
</group>
<group name="BUFGMUX_GCLKMUX">
<item name="I0" rev="4">
<attrib name="value" value="2"/></item>
<item name="OUT" rev="4">
<attrib name="value" value="2"/></item>
<item name="S" rev="4">
<attrib name="value" value="2"/></item>
</group>
<group name="SLICEL_C1VDD">
<item name="1" rev="4">
<attrib name="value" value="196"/></item>
</group>
<group name="IBUF">
<item name="I" rev="4">
<attrib name="value" value="9"/></item>
<item name="ICE" rev="4">
<attrib name="value" value="4"/></item>
<item name="ICLK1" rev="4">
<attrib name="value" value="8"/></item>
<item name="IQ1" rev="4">
<attrib name="value" value="8"/></item>
<item name="PAD" rev="4">
<attrib name="value" value="9"/></item>
</group>
<group name="SLICEL_XORF">
<item name="0" rev="4">
<attrib name="value" value="149"/></item>
<item name="1" rev="4">
<attrib name="value" value="149"/></item>
<item name="O" rev="4">
<attrib name="value" value="149"/></item>
</group>
<group name="SLICEL_FFX">
<item name="CE" rev="4">
<attrib name="value" value="708"/></item>
<item name="CK" rev="4">
<attrib name="value" value="999"/></item>
<item name="D" rev="4">
<attrib name="value" value="999"/></item>
<item name="Q" rev="4">
<attrib name="value" value="999"/></item>
<item name="SR" rev="4">
<attrib name="value" value="28"/></item>
</group>
<group name="SLICEL_XORG">
<item name="0" rev="4">
<attrib name="value" value="154"/></item>
<item name="1" rev="4">
<attrib name="value" value="154"/></item>
<item name="O" rev="4">
<attrib name="value" value="154"/></item>
</group>
<group name="SLICEL_FFY">
<item name="CE" rev="4">
<attrib name="value" value="632"/></item>
<item name="CK" rev="4">
<attrib name="value" value="889"/></item>
<item name="D" rev="4">
<attrib name="value" value="889"/></item>
<item name="Q" rev="4">
<attrib name="value" value="889"/></item>
<item name="REV" rev="4">
<attrib name="value" value="2"/></item>
<item name="SR" rev="4">
<attrib name="value" value="40"/></item>
</group>
<group name="SLICEM_F6MUX">
<item name="0" rev="4">
<attrib name="value" value="256"/></item>
<item name="1" rev="4">
<attrib name="value" value="256"/></item>
<item name="OUT" rev="4">
<attrib name="value" value="256"/></item>
<item name="S0" rev="4">
<attrib name="value" value="256"/></item>
</group>
<group name="SLICEL_F6MUX">
<item name="0" rev="4">
<attrib name="value" value="193"/></item>
<item name="1" rev="4">
<attrib name="value" value="193"/></item>
<item name="OUT" rev="4">
<attrib name="value" value="193"/></item>
<item name="S0" rev="4">
<attrib name="value" value="193"/></item>
</group>
<group name="RAMB16_RAMB16A">
<item name="ADDRA" rev="4">
<attrib name="value" value="2"/></item>
<item name="ADDRA10" rev="4">
<attrib name="value" value="2"/></item>
<item name="ADDRA11" rev="4">
<attrib name="value" value="2"/></item>
<item name="ADDRA12" rev="4">
<attrib name="value" value="2"/></item>
<item name="ADDRA13" rev="4">
<attrib name="value" value="2"/></item>
<item name="ADDRA5" rev="4">
<attrib name="value" value="2"/></item>
<item name="ADDRA6" rev="4">
<attrib name="value" value="2"/></item>
<item name="ADDRA7" rev="4">
<attrib name="value" value="2"/></item>
<item name="ADDRA8" rev="4">
<attrib name="value" value="2"/></item>
<item name="ADDRA9" rev="4">
<attrib name="value" value="2"/></item>
<item name="CLKA" rev="4">
<attrib name="value" value="2"/></item>
<item name="DIA" rev="4">
<attrib name="value" value="2"/></item>
<item name="DIA0" rev="4">
<attrib name="value" value="1"/></item>
<item name="DIA1" rev="4">
<attrib name="value" value="1"/></item>
<item name="DIA10" rev="4">
<attrib name="value" value="1"/></item>
<item name="DIA11" rev="4">
<attrib name="value" value="1"/></item>
<item name="DIA12" rev="4">
<attrib name="value" value="1"/></item>
<item name="DIA13" rev="4">
<attrib name="value" value="1"/></item>
<item name="DIA14" rev="4">
<attrib name="value" value="1"/></item>
<item name="DIA15" rev="4">
<attrib name="value" value="1"/></item>
<item name="DIA16" rev="4">
<attrib name="value" value="1"/></item>
<item name="DIA17" rev="4">
<attrib name="value" value="1"/></item>
<item name="DIA18" rev="4">
<attrib name="value" value="1"/></item>
<item name="DIA19" rev="4">
<attrib name="value" value="1"/></item>
<item name="DIA2" rev="4">
<attrib name="value" value="1"/></item>
<item name="DIA20" rev="4">
<attrib name="value" value="1"/></item>
<item name="DIA21" rev="4">
<attrib name="value" value="1"/></item>
<item name="DIA22" rev="4">
<attrib name="value" value="1"/></item>
<item name="DIA23" rev="4">
<attrib name="value" value="1"/></item>
<item name="DIA24" rev="4">
<attrib name="value" value="1"/></item>
<item name="DIA25" rev="4">
<attrib name="value" value="1"/></item>
<item name="DIA26" rev="4">
<attrib name="value" value="1"/></item>
<item name="DIA27" rev="4">
<attrib name="value" value="1"/></item>
<item name="DIA28" rev="4">
<attrib name="value" value="1"/></item>
<item name="DIA29" rev="4">
<attrib name="value" value="1"/></item>
<item name="DIA3" rev="4">
<attrib name="value" value="1"/></item>
<item name="DIA30" rev="4">
<attrib name="value" value="1"/></item>
<item name="DIA31" rev="4">
<attrib name="value" value="1"/></item>
<item name="DIA4" rev="4">
<attrib name="value" value="1"/></item>
<item name="DIA5" rev="4">
<attrib name="value" value="1"/></item>
<item name="DIA6" rev="4">
<attrib name="value" value="1"/></item>
<item name="DIA7" rev="4">
<attrib name="value" value="1"/></item>
<item name="DIA8" rev="4">
<attrib name="value" value="1"/></item>
<item name="DIA9" rev="4">
<attrib name="value" value="1"/></item>
<item name="DIPA0" rev="4">
<attrib name="value" value="1"/></item>
<item name="DIPA1" rev="4">
<attrib name="value" value="1"/></item>
<item name="DIPA2" rev="4">
<attrib name="value" value="1"/></item>
<item name="DIPA3" rev="4">
<attrib name="value" value="1"/></item>
<item name="DOA" rev="4">
<attrib name="value" value="2"/></item>
<item name="DOA0" rev="4">
<attrib name="value" value="2"/></item>
<item name="DOA1" rev="4">
<attrib name="value" value="2"/></item>
<item name="DOA10" rev="4">
<attrib name="value" value="2"/></item>
<item name="DOA11" rev="4">
<attrib name="value" value="2"/></item>
<item name="DOA12" rev="4">
<attrib name="value" value="2"/></item>
<item name="DOA13" rev="4">
<attrib name="value" value="2"/></item>
<item name="DOA14" rev="4">
<attrib name="value" value="2"/></item>
<item name="DOA15" rev="4">
<attrib name="value" value="2"/></item>
<item name="DOA16" rev="4">
<attrib name="value" value="2"/></item>
<item name="DOA17" rev="4">
<attrib name="value" value="2"/></item>
<item name="DOA18" rev="4">
<attrib name="value" value="2"/></item>
<item name="DOA19" rev="4">
<attrib name="value" value="2"/></item>
<item name="DOA2" rev="4">
<attrib name="value" value="2"/></item>
<item name="DOA20" rev="4">
<attrib name="value" value="2"/></item>
<item name="DOA21" rev="4">
<attrib name="value" value="2"/></item>
<item name="DOA22" rev="4">
<attrib name="value" value="2"/></item>
<item name="DOA23" rev="4">
<attrib name="value" value="2"/></item>
<item name="DOA24" rev="4">
<attrib name="value" value="2"/></item>
<item name="DOA25" rev="4">
<attrib name="value" value="2"/></item>
<item name="DOA26" rev="4">
<attrib name="value" value="2"/></item>
<item name="DOA27" rev="4">
<attrib name="value" value="2"/></item>
<item name="DOA28" rev="4">
<attrib name="value" value="2"/></item>
<item name="DOA29" rev="4">
<attrib name="value" value="2"/></item>
<item name="DOA3" rev="4">
<attrib name="value" value="2"/></item>
<item name="DOA30" rev="4">
<attrib name="value" value="2"/></item>
<item name="DOA31" rev="4">
<attrib name="value" value="2"/></item>
<item name="DOA4" rev="4">
<attrib name="value" value="2"/></item>
<item name="DOA5" rev="4">
<attrib name="value" value="2"/></item>
<item name="DOA6" rev="4">
<attrib name="value" value="2"/></item>
<item name="DOA7" rev="4">
<attrib name="value" value="2"/></item>
<item name="DOA8" rev="4">
<attrib name="value" value="2"/></item>
<item name="DOA9" rev="4">
<attrib name="value" value="2"/></item>
<item name="ENA" rev="4">
<attrib name="value" value="2"/></item>
<item name="SSRA" rev="4">
<attrib name="value" value="2"/></item>
<item name="WEA" rev="4">
<attrib name="value" value="2"/></item>
</group>
<group name="IBUF_IFF1">
<item name="CE" rev="4">
<attrib name="value" value="4"/></item>
<item name="CK" rev="4">
<attrib name="value" value="8"/></item>
<item name="D" rev="4">
<attrib name="value" value="8"/></item>
<item name="Q" rev="4">
<attrib name="value" value="8"/></item>
</group>
<group name="SLICEM_FFX">
<item name="CK" rev="4">
<attrib name="value" value="2"/></item>
<item name="D" rev="4">
<attrib name="value" value="2"/></item>
<item name="Q" rev="4">
<attrib name="value" value="2"/></item>
</group>
<group name="SLICEM_FFY">
<item name="CK" rev="4">
<attrib name="value" value="6"/></item>
<item name="D" rev="4">
<attrib name="value" value="6"/></item>
<item name="Q" rev="4">
<attrib name="value" value="6"/></item>
</group>
<group name="IOB_PAD">
<item name="PAD" rev="4">
<attrib name="value" value="9"/></item>
</group>
<group name="IOB">
<item name="O1" rev="4">
<attrib name="value" value="9"/></item>
<item name="OCE" rev="4">
<attrib name="value" value="1"/></item>
<item name="OTCLK1" rev="4">
<attrib name="value" value="1"/></item>
<item name="PAD" rev="4">
<attrib name="value" value="9"/></item>
<item name="REV" rev="4">
<attrib name="value" value="1"/></item>
<item name="SR" rev="4">
<attrib name="value" value="1"/></item>
</group>
<group name="BUFGMUX">
<item name="I0" rev="4">
<attrib name="value" value="2"/></item>
<item name="O" rev="4">
<attrib name="value" value="2"/></item>
<item name="S" rev="4">
<attrib name="value" value="2"/></item>
</group>
<group name="SLICEM_F5MUX">
<item name="F" rev="4">
<attrib name="value" value="256"/></item>
<item name="G" rev="4">
<attrib name="value" value="256"/></item>
<item name="OUT" rev="4">
<attrib name="value" value="256"/></item>
<item name="S0" rev="4">
<attrib name="value" value="256"/></item>
</group>
<group name="SLICEL_C2VDD">
<item name="1" rev="4">
<attrib name="value" value="194"/></item>
</group>
<group name="BUFGMUX_GCLK_BUFFER">
<item name="IN" rev="4">
<attrib name="value" value="2"/></item>
<item name="OUT" rev="4">
<attrib name="value" value="2"/></item>
</group>
<group name="SLICEL_F5MUX">
<item name="F" rev="4">
<attrib name="value" value="503"/></item>
<item name="G" rev="4">
<attrib name="value" value="503"/></item>
<item name="OUT" rev="4">
<attrib name="value" value="503"/></item>
<item name="S0" rev="4">
<attrib name="value" value="503"/></item>
</group>
<group name="SLICEL_F">
<item name="A1" rev="4">
<attrib name="value" value="2010"/></item>
<item name="A2" rev="4">
<attrib name="value" value="1923"/></item>
<item name="A3" rev="4">
<attrib name="value" value="1840"/></item>
<item name="A4" rev="4">
<attrib name="value" value="1141"/></item>
<item name="D" rev="4">
<attrib name="value" value="2021"/></item>
</group>
<group name="SLICEL_G">
<item name="A1" rev="4">
<attrib name="value" value="1956"/></item>
<item name="A2" rev="4">
<attrib name="value" value="1873"/></item>
<item name="A3" rev="4">
<attrib name="value" value="1720"/></item>
<item name="A4" rev="4">
<attrib name="value" value="1068"/></item>
<item name="D" rev="4">
<attrib name="value" value="1958"/></item>
</group>
<group name="SLICEL_GNDF">
<item name="0" rev="4">
<attrib name="value" value="70"/></item>
</group>
<group name="SLICEL_GNDG">
<item name="0" rev="4">
<attrib name="value" value="64"/></item>
</group>
<group name="IBUF_IFD_DELAY">
<item name="IN" rev="4">
<attrib name="value" value="8"/></item>
<item name="OUT" rev="4">
<attrib name="value" value="8"/></item>
</group>
</ReportPinData>
<CmdHistory>
</CmdHistory>
</DeviceUsageSummary>
