<?xml version="1.0" encoding="UTF-8"?>
<!-- IMPORTANT: This is an internal file that has been generated
     by the Xilinx ISE software.  Any direct editing or
     changes made to this file may result in unpredictable
     behavior or data corruption.  It is strongly advised that
     users do not edit the contents of this file. -->
<DeviceUsageSummary rev="48">
<DesignStatistics TimeStamp="Tue May 26 14:54:04 2015"><group name="NetStatistics">
<item name="NumNets_Active" rev="48">
<attrib name="value" value="5387"/></item>
<item name="NumNets_Gnd" rev="48">
<attrib name="value" value="1"/></item>
<item name="NumNets_Vcc" rev="48">
<attrib name="value" value="1"/></item>
<item name="NumNodesOfType_Active_BRAMADDR" rev="48">
<attrib name="value" value="16"/></item>
<item name="NumNodesOfType_Active_BRAMDUMMY" rev="48">
<attrib name="value" value="97"/></item>
<item name="NumNodesOfType_Active_CLKPIN" rev="48">
<attrib name="value" value="1092"/></item>
<item name="NumNodesOfType_Active_CNTRLPIN" rev="48">
<attrib name="value" value="759"/></item>
<item name="NumNodesOfType_Active_DOUBLE" rev="48">
<attrib name="value" value="15076"/></item>
<item name="NumNodesOfType_Active_DUMMY" rev="48">
<attrib name="value" value="13994"/></item>
<item name="NumNodesOfType_Active_DUMMYBANK" rev="48">
<attrib name="value" value="26"/></item>
<item name="NumNodesOfType_Active_DUMMYESC" rev="48">
<attrib name="value" value="9"/></item>
<item name="NumNodesOfType_Active_GLOBAL" rev="48">
<attrib name="value" value="271"/></item>
<item name="NumNodesOfType_Active_HFULLHEX" rev="48">
<attrib name="value" value="142"/></item>
<item name="NumNodesOfType_Active_HLONG" rev="48">
<attrib name="value" value="33"/></item>
<item name="NumNodesOfType_Active_HUNIHEX" rev="48">
<attrib name="value" value="1036"/></item>
<item name="NumNodesOfType_Active_INPUT" rev="48">
<attrib name="value" value="17794"/></item>
<item name="NumNodesOfType_Active_IOBOUTPUT" rev="48">
<attrib name="value" value="17"/></item>
<item name="NumNodesOfType_Active_OMUX" rev="48">
<attrib name="value" value="4452"/></item>
<item name="NumNodesOfType_Active_OUTPUT" rev="48">
<attrib name="value" value="5330"/></item>
<item name="NumNodesOfType_Active_PREBXBY" rev="48">
<attrib name="value" value="4956"/></item>
<item name="NumNodesOfType_Active_VFULLHEX" rev="48">
<attrib name="value" value="608"/></item>
<item name="NumNodesOfType_Active_VLONG" rev="48">
<attrib name="value" value="101"/></item>
<item name="NumNodesOfType_Active_VUNIHEX" rev="48">
<attrib name="value" value="1006"/></item>
<item name="NumNodesOfType_Gnd_BRAMADDR" rev="48">
<attrib name="value" value="2"/></item>
<item name="NumNodesOfType_Gnd_BRAMDUMMY" rev="48">
<attrib name="value" value="7"/></item>
<item name="NumNodesOfType_Gnd_DOUBLE" rev="48">
<attrib name="value" value="10"/></item>
<item name="NumNodesOfType_Gnd_DUMMY" rev="48">
<attrib name="value" value="28"/></item>
<item name="NumNodesOfType_Gnd_DUMMYBANK" rev="48">
<attrib name="value" value="3"/></item>
<item name="NumNodesOfType_Gnd_HFULLHEX" rev="48">
<attrib name="value" value="1"/></item>
<item name="NumNodesOfType_Gnd_INPUT" rev="48">
<attrib name="value" value="88"/></item>
<item name="NumNodesOfType_Gnd_OMUX" rev="48">
<attrib name="value" value="67"/></item>
<item name="NumNodesOfType_Gnd_OUTPUT" rev="48">
<attrib name="value" value="51"/></item>
<item name="NumNodesOfType_Gnd_PREBXBY" rev="48">
<attrib name="value" value="50"/></item>
<item name="NumNodesOfType_Gnd_VFULLHEX" rev="48">
<attrib name="value" value="1"/></item>
<item name="NumNodesOfType_Vcc_BRAMDUMMY" rev="48">
<attrib name="value" value="2"/></item>
<item name="NumNodesOfType_Vcc_CNTRLPIN" rev="48">
<attrib name="value" value="7"/></item>
<item name="NumNodesOfType_Vcc_INPUT" rev="48">
<attrib name="value" value="15"/></item>
<item name="NumNodesOfType_Vcc_PREBXBY" rev="48">
<attrib name="value" value="13"/></item>
<item name="NumNodesOfType_Vcc_VCCOUT" rev="48">
<attrib name="value" value="20"/></item>
</group>
<group name="SiteStatistics">
<item name="IBUF-DIFFM" rev="48">
<attrib name="value" value="1"/></item>
<item name="IBUF-DIFFMI" rev="48">
<attrib name="value" value="1"/></item>
<item name="IOB-DIFFM" rev="48">
<attrib name="value" value="5"/></item>
<item name="IOB-DIFFS" rev="48">
<attrib name="value" value="4"/></item>
<item name="SLICEL-SLICEM" rev="48">
<attrib name="value" value="1072"/></item>
</group>
<group name="MiscellaneousStatistics">
<item name="AGG_BONDED_IO" rev="47">
<attrib name="value" value="18"/></item>
<item name="AGG_IO" rev="47">
<attrib name="value" value="18"/></item>
<item name="AGG_SLICE" rev="47">
<attrib name="value" value="2774"/></item>
<item name="NUM_4_INPUT_LUT" rev="47">
<attrib name="value" value="4182"/></item>
<item name="NUM_BONDED_IBUF" rev="47">
<attrib name="value" value="9"/></item>
<item name="NUM_BONDED_IOB" rev="47">
<attrib name="value" value="9"/></item>
<item name="NUM_BUFGMUX" rev="47">
<attrib name="value" value="2"/></item>
<item name="NUM_CYMUX" rev="47">
<attrib name="value" value="723"/></item>
<item name="NUM_IOB_FF" rev="47">
<attrib name="value" value="9"/></item>
<item name="NUM_LUT_RT" rev="47">
<attrib name="value" value="123"/></item>
<item name="NUM_RAMB16" rev="47">
<attrib name="value" value="2"/></item>
<item name="NUM_SHIFT" rev="47">
<attrib name="value" value="7"/></item>
<item name="NUM_SLICEL" rev="47">
<attrib name="value" value="2513"/></item>
<item name="NUM_SLICEM" rev="47">
<attrib name="value" value="261"/></item>
<item name="NUM_SLICE_FF" rev="47">
<attrib name="value" value="1811"/></item>
<item name="NUM_SLICE_LATCH" rev="47">
<attrib name="value" value="74"/></item>
<item name="NUM_XOR" rev="47">
<attrib name="value" value="309"/></item>
<item name="Xilinx Core blkmemsp_v6_2, Xilinx CORE Generator 11.1" rev="47">
<attrib name="value" value="1"/></item>
<item name="Xilinx Core blkmemsp_v6_2, Xilinx CORE Generator 13.4" rev="47">
<attrib name="value" value="1"/></item>
</group>
</DesignStatistics>
<DeviceUsage TimeStamp="Tue May 26 14:54:04 2015"><group name="SiteSummary">
<item name="BUFGMUX" rev="48">
<attrib name="total" value="1000000"/><attrib name="used" value="2"/></item>
<item name="BUFGMUX_GCLKMUX" rev="48">
<attrib name="total" value="1000000"/><attrib name="used" value="2"/></item>
<item name="BUFGMUX_GCLK_BUFFER" rev="48">
<attrib name="total" value="1000000"/><attrib name="used" value="2"/></item>
<item name="IBUF" rev="48">
<attrib name="total" value="1000000"/><attrib name="used" value="9"/></item>
<item name="IBUF_IFD_DELAY" rev="48">
<attrib name="total" value="1000000"/><attrib name="used" value="8"/></item>
<item name="IBUF_IFF1" rev="48">
<attrib name="total" value="1000000"/><attrib name="used" value="8"/></item>
<item name="IBUF_INBUF" rev="48">
<attrib name="total" value="1000000"/><attrib name="used" value="9"/></item>
<item name="IBUF_PAD" rev="48">
<attrib name="total" value="1000000"/><attrib name="used" value="9"/></item>
<item name="IOB" rev="48">
<attrib name="total" value="1000000"/><attrib name="used" value="9"/></item>
<item name="IOB_OFF1" rev="48">
<attrib name="total" value="1000000"/><attrib name="used" value="1"/></item>
<item name="IOB_OUTBUF" rev="48">
<attrib name="total" value="1000000"/><attrib name="used" value="9"/></item>
<item name="IOB_PAD" rev="48">
<attrib name="total" value="1000000"/><attrib name="used" value="9"/></item>
<item name="RAMB16" rev="48">
<attrib name="total" value="1000000"/><attrib name="used" value="2"/></item>
<item name="RAMB16_RAMB16" rev="48">
<attrib name="total" value="1000000"/><attrib name="used" value="2"/></item>
<item name="RAMB16_RAMB16A" rev="48">
<attrib name="total" value="1000000"/><attrib name="used" value="2"/></item>
<item name="SLICEL" rev="48">
<attrib name="total" value="1000000"/><attrib name="used" value="2513"/></item>
<item name="SLICEL_C1VDD" rev="48">
<attrib name="total" value="1000000"/><attrib name="used" value="197"/></item>
<item name="SLICEL_C2VDD" rev="48">
<attrib name="total" value="1000000"/><attrib name="used" value="195"/></item>
<item name="SLICEL_CYMUXF" rev="48">
<attrib name="total" value="1000000"/><attrib name="used" value="367"/></item>
<item name="SLICEL_CYMUXG" rev="48">
<attrib name="total" value="1000000"/><attrib name="used" value="356"/></item>
<item name="SLICEL_F" rev="48">
<attrib name="total" value="1000000"/><attrib name="used" value="1868"/></item>
<item name="SLICEL_F5MUX" rev="48">
<attrib name="total" value="1000000"/><attrib name="used" value="454"/></item>
<item name="SLICEL_F6MUX" rev="48">
<attrib name="total" value="1000000"/><attrib name="used" value="192"/></item>
<item name="SLICEL_FFX" rev="48">
<attrib name="total" value="1000000"/><attrib name="used" value="981"/></item>
<item name="SLICEL_FFY" rev="48">
<attrib name="total" value="1000000"/><attrib name="used" value="897"/></item>
<item name="SLICEL_G" rev="48">
<attrib name="total" value="1000000"/><attrib name="used" value="1795"/></item>
<item name="SLICEL_GNDF" rev="48">
<attrib name="total" value="1000000"/><attrib name="used" value="74"/></item>
<item name="SLICEL_GNDG" rev="48">
<attrib name="total" value="1000000"/><attrib name="used" value="68"/></item>
<item name="SLICEL_XORF" rev="48">
<attrib name="total" value="1000000"/><attrib name="used" value="155"/></item>
<item name="SLICEL_XORG" rev="48">
<attrib name="total" value="1000000"/><attrib name="used" value="154"/></item>
<item name="SLICEM" rev="48">
<attrib name="total" value="1000000"/><attrib name="used" value="261"/></item>
<item name="SLICEM_F" rev="48">
<attrib name="total" value="1000000"/><attrib name="used" value="258"/></item>
<item name="SLICEM_F5MUX" rev="48">
<attrib name="total" value="1000000"/><attrib name="used" value="256"/></item>
<item name="SLICEM_F6MUX" rev="48">
<attrib name="total" value="1000000"/><attrib name="used" value="256"/></item>
<item name="SLICEM_FFX" rev="48">
<attrib name="total" value="1000000"/><attrib name="used" value="2"/></item>
<item name="SLICEM_FFY" rev="48">
<attrib name="total" value="1000000"/><attrib name="used" value="5"/></item>
<item name="SLICEM_G" rev="48">
<attrib name="total" value="1000000"/><attrib name="used" value="261"/></item>
<item name="SLICEM_WSGEN" rev="48">
<attrib name="total" value="1000000"/><attrib name="used" value="5"/></item>
</group>
</DeviceUsage>
<ReportConfigData TimeStamp="Tue May 26 14:54:04 2015"><group name="SLICEL_CYMUXF">
<item name="0" rev="48">
<attrib name="0" value="367"/><attrib name="0_INV" value="0"/></item>
<item name="1" rev="48">
<attrib name="1_INV" value="0"/><attrib name="1" value="367"/></item>
</group>
<group name="SLICEL_CYMUXG">
<item name="0" rev="48">
<attrib name="0" value="356"/><attrib name="0_INV" value="0"/></item>
</group>
<group name="IBUF_PAD">
<item name="IOATTRBOX" rev="48">
<attrib name="LVTTL" value="8"/><attrib name="LVCMOS33" value="1"/></item>
<item name="PULL" rev="48">
<attrib name="PULLUP" value="4"/><attrib name="PULLDOWN" value="4"/></item>
</group>
<group name="IBUF_INBUF">
<item name="IFD_DELAY_VALUE" rev="48">
<attrib name="DLY3" value="8"/></item>
</group>
<group name="SLICEM_F">
<item name="DI" rev="48">
<attrib name="DI" value="2"/><attrib name="DI_INV" value="0"/></item>
<item name="F_ATTR" rev="48">
<attrib name="SHIFT_REG" value="2"/></item>
<item name="LUT_OR_MEM" rev="48">
<attrib name="LUT" value="256"/><attrib name="RAM" value="2"/></item>
</group>
<group name="SLICEM_G">
<item name="DI" rev="48">
<attrib name="DI" value="5"/><attrib name="DI_INV" value="0"/></item>
<item name="G_ATTR" rev="48">
<attrib name="SHIFT_REG" value="5"/></item>
<item name="LUT_OR_MEM" rev="48">
<attrib name="LUT" value="256"/><attrib name="RAM" value="5"/></item>
</group>
<group name="SLICEM_F6MUX">
<item name="S0" rev="48">
<attrib name="S0" value="256"/><attrib name="S0_INV" value="0"/></item>
</group>
<group name="SLICEL">
<item name="BX" rev="48">
<attrib name="BX_INV" value="0"/><attrib name="BX" value="1163"/></item>
<item name="BY" rev="48">
<attrib name="BY" value="855"/><attrib name="BY_INV" value="5"/></item>
<item name="CE" rev="48">
<attrib name="CE" value="678"/><attrib name="CE_INV" value="23"/></item>
<item name="CIN" rev="48">
<attrib name="CIN_INV" value="0"/><attrib name="CIN" value="314"/></item>
<item name="CLK" rev="48">
<attrib name="CLK" value="576"/><attrib name="CLK_INV" value="500"/></item>
<item name="SR" rev="48">
<attrib name="SR" value="49"/><attrib name="SR_INV" value="2"/></item>
</group>
<group name="SLICEM">
<item name="BX" rev="48">
<attrib name="BX_INV" value="0"/><attrib name="BX" value="258"/></item>
<item name="BY" rev="48">
<attrib name="BY" value="261"/><attrib name="BY_INV" value="0"/></item>
<item name="CLK" rev="48">
<attrib name="CLK" value="5"/><attrib name="CLK_INV" value="0"/></item>
<item name="SR" rev="48">
<attrib name="SR" value="5"/><attrib name="SR_INV" value="0"/></item>
</group>
<group name="SLICEL_F6MUX">
<item name="S0" rev="48">
<attrib name="S0" value="192"/><attrib name="S0_INV" value="0"/></item>
</group>
<group name="RAMB16">
<item name="CLKA" rev="48">
<attrib name="CLKA_INV" value="2"/><attrib name="CLKA" value="0"/></item>
<item name="ENA" rev="48">
<attrib name="ENA_INV" value="0"/><attrib name="ENA" value="2"/></item>
<item name="SSRA" rev="48">
<attrib name="SSRA_INV" value="0"/><attrib name="SSRA" value="2"/></item>
<item name="WEA" rev="48">
<attrib name="WEA" value="2"/><attrib name="WEA_INV" value="0"/></item>
</group>
<group name="IOB_OFF1">
<item name="CE" rev="48">
<attrib name="CE" value="1"/><attrib name="CE_INV" value="0"/></item>
<item name="CK" rev="48">
<attrib name="CK" value="1"/><attrib name="CK_INV" value="0"/></item>
<item name="D" rev="48">
<attrib name="D" value="1"/><attrib name="D_INV" value="0"/></item>
<item name="LATCH_OR_FF" rev="48">
<attrib name="FF" value="1"/></item>
<item name="OFF1_INIT_ATTR" rev="48">
<attrib name="INIT0" value="1"/></item>
<item name="OFF1_SR_ATTR" rev="48">
<attrib name="SRLOW" value="1"/></item>
<item name="OFFATTRBOX" rev="48">
<attrib name="SYNC" value="1"/></item>
<item name="REV" rev="48">
<attrib name="REV_INV" value="0"/><attrib name="REV" value="1"/></item>
<item name="SR" rev="48">
<attrib name="SR" value="1"/><attrib name="SR_INV" value="0"/></item>
</group>
<group name="IOB_OUTBUF">
<item name="IN" rev="48">
<attrib name="IN_INV" value="0"/><attrib name="IN" value="9"/></item>
</group>
<group name="RAMB16_RAMB16A">
<item name="CLKA" rev="48">
<attrib name="CLKA_INV" value="2"/><attrib name="CLKA" value="0"/></item>
<item name="ENA" rev="48">
<attrib name="ENA_INV" value="0"/><attrib name="ENA" value="2"/></item>
<item name="PORTA_ATTR" rev="48">
<attrib name="512X36" value="2"/></item>
<item name="SSRA" rev="48">
<attrib name="SSRA_INV" value="0"/><attrib name="SSRA" value="2"/></item>
<item name="WEA" rev="48">
<attrib name="WEA" value="2"/><attrib name="WEA_INV" value="0"/></item>
<item name="WRITEMODEA" rev="48">
<attrib name="WRITE_FIRST" value="2"/></item>
</group>
<group name="IBUF">
<item name="ICE" rev="48">
<attrib name="ICE" value="4"/><attrib name="ICE_INV" value="0"/></item>
<item name="ICLK1" rev="48">
<attrib name="ICLK1_INV" value="0"/><attrib name="ICLK1" value="8"/></item>
</group>
<group name="SLICEM_F5MUX">
<item name="S0" rev="48">
<attrib name="S0" value="256"/><attrib name="S0_INV" value="0"/></item>
</group>
<group name="SLICEL_FFX">
<item name="CE" rev="48">
<attrib name="CE" value="669"/><attrib name="CE_INV" value="22"/></item>
<item name="CK" rev="48">
<attrib name="CK" value="481"/><attrib name="CK_INV" value="500"/></item>
<item name="D" rev="48">
<attrib name="D" value="981"/><attrib name="D_INV" value="0"/></item>
<item name="FFX_INIT_ATTR" rev="48">
<attrib name="INIT0" value="931"/><attrib name="INIT1" value="50"/></item>
<item name="FFX_SR_ATTR" rev="48">
<attrib name="SRLOW" value="973"/><attrib name="SRHIGH" value="8"/></item>
<item name="LATCH_OR_FF" rev="48">
<attrib name="FF" value="975"/><attrib name="LATCH" value="6"/></item>
<item name="REV" rev="48">
<attrib name="REV_INV" value="0"/><attrib name="REV" value="2"/></item>
<item name="SR" rev="48">
<attrib name="SR" value="31"/><attrib name="SR_INV" value="2"/></item>
<item name="SYNC_ATTR" rev="48">
<attrib name="ASYNC" value="950"/><attrib name="SYNC" value="31"/></item>
</group>
<group name="SLICEL_XORF">
<item name="1" rev="48">
<attrib name="1_INV" value="0"/><attrib name="1" value="155"/></item>
</group>
<group name="SLICEL_FFY">
<item name="CE" rev="48">
<attrib name="CE" value="636"/><attrib name="CE_INV" value="15"/></item>
<item name="CK" rev="48">
<attrib name="CK" value="399"/><attrib name="CK_INV" value="498"/></item>
<item name="D" rev="48">
<attrib name="D" value="892"/><attrib name="D_INV" value="5"/></item>
<item name="FFY_INIT_ATTR" rev="48">
<attrib name="INIT0" value="823"/><attrib name="INIT1" value="74"/></item>
<item name="FFY_SR_ATTR" rev="48">
<attrib name="SRLOW" value="889"/><attrib name="SRHIGH" value="8"/></item>
<item name="LATCH_OR_FF" rev="48">
<attrib name="FF" value="829"/><attrib name="LATCH" value="68"/></item>
<item name="REV" rev="48">
<attrib name="REV_INV" value="0"/><attrib name="REV" value="3"/></item>
<item name="SR" rev="48">
<attrib name="SR" value="39"/><attrib name="SR_INV" value="2"/></item>
<item name="SYNC_ATTR" rev="48">
<attrib name="ASYNC" value="858"/><attrib name="SYNC" value="39"/></item>
</group>
<group name="BUFGMUX_GCLKMUX">
<item name="DISABLE_ATTR" rev="48">
<attrib name="LOW" value="2"/></item>
<item name="S" rev="48">
<attrib name="S_INV" value="2"/><attrib name="S" value="0"/></item>
</group>
<group name="SLICEL_F5MUX">
<item name="S0" rev="48">
<attrib name="S0" value="454"/><attrib name="S0_INV" value="0"/></item>
</group>
<group name="IBUF_IFF1">
<item name="CE" rev="48">
<attrib name="CE" value="4"/><attrib name="CE_INV" value="0"/></item>
<item name="CK" rev="48">
<attrib name="CK" value="8"/><attrib name="CK_INV" value="0"/></item>
<item name="IFF1_INIT_ATTR" rev="48">
<attrib name="INIT0" value="8"/></item>
<item name="LATCH_OR_FF" rev="48">
<attrib name="FF" value="8"/></item>
</group>
<group name="SLICEM_WSGEN">
<item name="CK" rev="48">
<attrib name="CK" value="5"/><attrib name="CK_INV" value="0"/></item>
<item name="SYNC_ATTR" rev="48">
<attrib name="ASYNC" value="5"/></item>
<item name="WE" rev="48">
<attrib name="WE_INV" value="0"/><attrib name="WE" value="5"/></item>
</group>
<group name="SLICEM_FFX">
<item name="CK" rev="48">
<attrib name="CK" value="2"/><attrib name="CK_INV" value="0"/></item>
<item name="D" rev="48">
<attrib name="D" value="2"/><attrib name="D_INV" value="0"/></item>
<item name="FFX_INIT_ATTR" rev="48">
<attrib name="INIT0" value="2"/></item>
<item name="FFX_SR_ATTR" rev="48">
<attrib name="SRLOW" value="2"/></item>
<item name="LATCH_OR_FF" rev="48">
<attrib name="FF" value="2"/></item>
<item name="SYNC_ATTR" rev="48">
<attrib name="ASYNC" value="2"/></item>
</group>
<group name="SLICEM_FFY">
<item name="CK" rev="48">
<attrib name="CK" value="5"/><attrib name="CK_INV" value="0"/></item>
<item name="D" rev="48">
<attrib name="D" value="5"/><attrib name="D_INV" value="0"/></item>
<item name="FFY_INIT_ATTR" rev="48">
<attrib name="INIT0" value="5"/></item>
<item name="FFY_SR_ATTR" rev="48">
<attrib name="SRLOW" value="5"/></item>
<item name="LATCH_OR_FF" rev="48">
<attrib name="FF" value="5"/></item>
<item name="SYNC_ATTR" rev="48">
<attrib name="ASYNC" value="5"/></item>
</group>
<group name="IOB_PAD">
<item name="DRIVEATTRBOX" rev="48">
<attrib name="4" value="7"/><attrib name="8" value="1"/><attrib name="12" value="1"/></item>
<item name="IOATTRBOX" rev="48">
<attrib name="LVTTL" value="1"/><attrib name="LVCMOS25" value="1"/><attrib name="LVCMOS33" value="7"/></item>
<item name="SLEW" rev="48">
<attrib name="SLOW" value="9"/></item>
</group>
<group name="IOB">
<item name="O1" rev="48">
<attrib name="O1_INV" value="0"/><attrib name="O1" value="9"/></item>
<item name="OCE" rev="48">
<attrib name="OCE" value="1"/><attrib name="OCE_INV" value="0"/></item>
<item name="OTCLK1" rev="48">
<attrib name="OTCLK1_INV" value="0"/><attrib name="OTCLK1" value="1"/></item>
<item name="REV" rev="48">
<attrib name="REV_INV" value="0"/><attrib name="REV" value="1"/></item>
<item name="SR" rev="48">
<attrib name="SR" value="1"/><attrib name="SR_INV" value="0"/></item>
</group>
<group name="BUFGMUX">
<item name="S" rev="48">
<attrib name="S_INV" value="2"/><attrib name="S" value="0"/></item>
</group>
</ReportConfigData>
<ReportPinData TimeStamp="Tue May 26 14:54:04 2015"><group name="SLICEL_CYMUXF">
<item name="0" rev="48">
<attrib name="value" value="367"/></item>
<item name="1" rev="48">
<attrib name="value" value="367"/></item>
<item name="OUT" rev="48">
<attrib name="value" value="367"/></item>
<item name="S0" rev="48">
<attrib name="value" value="367"/></item>
</group>
<group name="SLICEL_CYMUXG">
<item name="0" rev="48">
<attrib name="value" value="356"/></item>
<item name="1" rev="48">
<attrib name="value" value="356"/></item>
<item name="OUT" rev="48">
<attrib name="value" value="356"/></item>
<item name="S0" rev="48">
<attrib name="value" value="356"/></item>
</group>
<group name="IBUF_PAD">
<item name="PAD" rev="48">
<attrib name="value" value="9"/></item>
</group>
<group name="IBUF_INBUF">
<item name="IN" rev="48">
<attrib name="value" value="9"/></item>
<item name="OUT" rev="48">
<attrib name="value" value="9"/></item>
</group>
<group name="SLICEM_F">
<item name="A1" rev="48">
<attrib name="value" value="258"/></item>
<item name="A2" rev="48">
<attrib name="value" value="258"/></item>
<item name="A3" rev="48">
<attrib name="value" value="258"/></item>
<item name="A4" rev="48">
<attrib name="value" value="2"/></item>
<item name="D" rev="48">
<attrib name="value" value="258"/></item>
<item name="DI" rev="48">
<attrib name="value" value="2"/></item>
<item name="WS" rev="48">
<attrib name="value" value="2"/></item>
</group>
<group name="SLICEM_G">
<item name="A1" rev="48">
<attrib name="value" value="261"/></item>
<item name="A2" rev="48">
<attrib name="value" value="261"/></item>
<item name="A3" rev="48">
<attrib name="value" value="261"/></item>
<item name="A4" rev="48">
<attrib name="value" value="5"/></item>
<item name="D" rev="48">
<attrib name="value" value="261"/></item>
<item name="DI" rev="48">
<attrib name="value" value="5"/></item>
<item name="WS" rev="48">
<attrib name="value" value="5"/></item>
</group>
<group name="BUFGMUX_GCLK_BUFFER">
<item name="IN" rev="48">
<attrib name="value" value="2"/></item>
<item name="OUT" rev="48">
<attrib name="value" value="2"/></item>
</group>
<group name="SLICEM_F6MUX">
<item name="0" rev="48">
<attrib name="value" value="256"/></item>
<item name="1" rev="48">
<attrib name="value" value="256"/></item>
<item name="OUT" rev="48">
<attrib name="value" value="256"/></item>
<item name="S0" rev="48">
<attrib name="value" value="256"/></item>
</group>
<group name="SLICEL">
<item name="BX" rev="48">
<attrib name="value" value="1163"/></item>
<item name="BY" rev="48">
<attrib name="value" value="860"/></item>
<item name="CE" rev="48">
<attrib name="value" value="701"/></item>
<item name="CIN" rev="48">
<attrib name="value" value="314"/></item>
<item name="CLK" rev="48">
<attrib name="value" value="1076"/></item>
<item name="COUT" rev="48">
<attrib name="value" value="356"/></item>
<item name="F1" rev="48">
<attrib name="value" value="1863"/></item>
<item name="F2" rev="48">
<attrib name="value" value="1779"/></item>
<item name="F3" rev="48">
<attrib name="value" value="1640"/></item>
<item name="F4" rev="48">
<attrib name="value" value="1071"/></item>
<item name="F5" rev="48">
<attrib name="value" value="256"/></item>
<item name="FX" rev="48">
<attrib name="value" value="128"/></item>
<item name="FXINA" rev="48">
<attrib name="value" value="192"/></item>
<item name="FXINB" rev="48">
<attrib name="value" value="192"/></item>
<item name="G1" rev="48">
<attrib name="value" value="1792"/></item>
<item name="G2" rev="48">
<attrib name="value" value="1713"/></item>
<item name="G3" rev="48">
<attrib name="value" value="1545"/></item>
<item name="G4" rev="48">
<attrib name="value" value="1043"/></item>
<item name="SR" rev="48">
<attrib name="value" value="51"/></item>
<item name="X" rev="48">
<attrib name="value" value="1164"/></item>
<item name="XB" rev="48">
<attrib name="value" value="2"/></item>
<item name="XQ" rev="48">
<attrib name="value" value="981"/></item>
<item name="Y" rev="48">
<attrib name="value" value="983"/></item>
<item name="YQ" rev="48">
<attrib name="value" value="897"/></item>
</group>
<group name="SLICEM">
<item name="BX" rev="48">
<attrib name="value" value="258"/></item>
<item name="BY" rev="48">
<attrib name="value" value="261"/></item>
<item name="CLK" rev="48">
<attrib name="value" value="5"/></item>
<item name="F1" rev="48">
<attrib name="value" value="258"/></item>
<item name="F2" rev="48">
<attrib name="value" value="258"/></item>
<item name="F3" rev="48">
<attrib name="value" value="258"/></item>
<item name="F4" rev="48">
<attrib name="value" value="2"/></item>
<item name="F5" rev="48">
<attrib name="value" value="256"/></item>
<item name="FX" rev="48">
<attrib name="value" value="256"/></item>
<item name="FXINA" rev="48">
<attrib name="value" value="256"/></item>
<item name="FXINB" rev="48">
<attrib name="value" value="256"/></item>
<item name="G1" rev="48">
<attrib name="value" value="261"/></item>
<item name="G2" rev="48">
<attrib name="value" value="261"/></item>
<item name="G3" rev="48">
<attrib name="value" value="261"/></item>
<item name="G4" rev="48">
<attrib name="value" value="5"/></item>
<item name="SR" rev="48">
<attrib name="value" value="5"/></item>
<item name="XQ" rev="48">
<attrib name="value" value="2"/></item>
<item name="YQ" rev="48">
<attrib name="value" value="5"/></item>
</group>
<group name="SLICEL_F6MUX">
<item name="0" rev="48">
<attrib name="value" value="192"/></item>
<item name="1" rev="48">
<attrib name="value" value="192"/></item>
<item name="OUT" rev="48">
<attrib name="value" value="192"/></item>
<item name="S0" rev="48">
<attrib name="value" value="192"/></item>
</group>
<group name="RAMB16">
<item name="ADDRA10" rev="48">
<attrib name="value" value="2"/></item>
<item name="ADDRA11" rev="48">
<attrib name="value" value="2"/></item>
<item name="ADDRA12" rev="48">
<attrib name="value" value="2"/></item>
<item name="ADDRA13" rev="48">
<attrib name="value" value="2"/></item>
<item name="ADDRA5" rev="48">
<attrib name="value" value="2"/></item>
<item name="ADDRA6" rev="48">
<attrib name="value" value="2"/></item>
<item name="ADDRA7" rev="48">
<attrib name="value" value="2"/></item>
<item name="ADDRA8" rev="48">
<attrib name="value" value="2"/></item>
<item name="ADDRA9" rev="48">
<attrib name="value" value="2"/></item>
<item name="CLKA" rev="48">
<attrib name="value" value="2"/></item>
<item name="DIA0" rev="48">
<attrib name="value" value="1"/></item>
<item name="DIA1" rev="48">
<attrib name="value" value="1"/></item>
<item name="DIA10" rev="48">
<attrib name="value" value="1"/></item>
<item name="DIA11" rev="48">
<attrib name="value" value="1"/></item>
<item name="DIA12" rev="48">
<attrib name="value" value="1"/></item>
<item name="DIA13" rev="48">
<attrib name="value" value="1"/></item>
<item name="DIA14" rev="48">
<attrib name="value" value="1"/></item>
<item name="DIA15" rev="48">
<attrib name="value" value="1"/></item>
<item name="DIA16" rev="48">
<attrib name="value" value="1"/></item>
<item name="DIA17" rev="48">
<attrib name="value" value="1"/></item>
<item name="DIA18" rev="48">
<attrib name="value" value="1"/></item>
<item name="DIA19" rev="48">
<attrib name="value" value="1"/></item>
<item name="DIA2" rev="48">
<attrib name="value" value="1"/></item>
<item name="DIA20" rev="48">
<attrib name="value" value="1"/></item>
<item name="DIA21" rev="48">
<attrib name="value" value="1"/></item>
<item name="DIA22" rev="48">
<attrib name="value" value="1"/></item>
<item name="DIA23" rev="48">
<attrib name="value" value="1"/></item>
<item name="DIA24" rev="48">
<attrib name="value" value="1"/></item>
<item name="DIA25" rev="48">
<attrib name="value" value="1"/></item>
<item name="DIA26" rev="48">
<attrib name="value" value="1"/></item>
<item name="DIA27" rev="48">
<attrib name="value" value="1"/></item>
<item name="DIA28" rev="48">
<attrib name="value" value="1"/></item>
<item name="DIA29" rev="48">
<attrib name="value" value="1"/></item>
<item name="DIA3" rev="48">
<attrib name="value" value="1"/></item>
<item name="DIA30" rev="48">
<attrib name="value" value="1"/></item>
<item name="DIA31" rev="48">
<attrib name="value" value="1"/></item>
<item name="DIA4" rev="48">
<attrib name="value" value="1"/></item>
<item name="DIA5" rev="48">
<attrib name="value" value="1"/></item>
<item name="DIA6" rev="48">
<attrib name="value" value="1"/></item>
<item name="DIA7" rev="48">
<attrib name="value" value="1"/></item>
<item name="DIA8" rev="48">
<attrib name="value" value="1"/></item>
<item name="DIA9" rev="48">
<attrib name="value" value="1"/></item>
<item name="DIPA0" rev="48">
<attrib name="value" value="1"/></item>
<item name="DIPA1" rev="48">
<attrib name="value" value="1"/></item>
<item name="DIPA2" rev="48">
<attrib name="value" value="1"/></item>
<item name="DIPA3" rev="48">
<attrib name="value" value="1"/></item>
<item name="DOA0" rev="48">
<attrib name="value" value="2"/></item>
<item name="DOA1" rev="48">
<attrib name="value" value="2"/></item>
<item name="DOA10" rev="48">
<attrib name="value" value="2"/></item>
<item name="DOA11" rev="48">
<attrib name="value" value="2"/></item>
<item name="DOA12" rev="48">
<attrib name="value" value="2"/></item>
<item name="DOA13" rev="48">
<attrib name="value" value="2"/></item>
<item name="DOA14" rev="48">
<attrib name="value" value="2"/></item>
<item name="DOA15" rev="48">
<attrib name="value" value="2"/></item>
<item name="DOA16" rev="48">
<attrib name="value" value="2"/></item>
<item name="DOA17" rev="48">
<attrib name="value" value="2"/></item>
<item name="DOA18" rev="48">
<attrib name="value" value="2"/></item>
<item name="DOA19" rev="48">
<attrib name="value" value="2"/></item>
<item name="DOA2" rev="48">
<attrib name="value" value="2"/></item>
<item name="DOA20" rev="48">
<attrib name="value" value="2"/></item>
<item name="DOA21" rev="48">
<attrib name="value" value="2"/></item>
<item name="DOA22" rev="48">
<attrib name="value" value="2"/></item>
<item name="DOA23" rev="48">
<attrib name="value" value="2"/></item>
<item name="DOA24" rev="48">
<attrib name="value" value="2"/></item>
<item name="DOA25" rev="48">
<attrib name="value" value="2"/></item>
<item name="DOA26" rev="48">
<attrib name="value" value="2"/></item>
<item name="DOA27" rev="48">
<attrib name="value" value="2"/></item>
<item name="DOA28" rev="48">
<attrib name="value" value="2"/></item>
<item name="DOA29" rev="48">
<attrib name="value" value="2"/></item>
<item name="DOA3" rev="48">
<attrib name="value" value="2"/></item>
<item name="DOA30" rev="48">
<attrib name="value" value="2"/></item>
<item name="DOA31" rev="48">
<attrib name="value" value="2"/></item>
<item name="DOA4" rev="48">
<attrib name="value" value="2"/></item>
<item name="DOA5" rev="48">
<attrib name="value" value="2"/></item>
<item name="DOA6" rev="48">
<attrib name="value" value="2"/></item>
<item name="DOA7" rev="48">
<attrib name="value" value="2"/></item>
<item name="DOA8" rev="48">
<attrib name="value" value="2"/></item>
<item name="DOA9" rev="48">
<attrib name="value" value="2"/></item>
<item name="ENA" rev="48">
<attrib name="value" value="2"/></item>
<item name="SSRA" rev="48">
<attrib name="value" value="2"/></item>
<item name="WEA" rev="48">
<attrib name="value" value="2"/></item>
</group>
<group name="IOB_OFF1">
<item name="CE" rev="48">
<attrib name="value" value="1"/></item>
<item name="CK" rev="48">
<attrib name="value" value="1"/></item>
<item name="D" rev="48">
<attrib name="value" value="1"/></item>
<item name="Q" rev="48">
<attrib name="value" value="1"/></item>
<item name="REV" rev="48">
<attrib name="value" value="1"/></item>
<item name="SR" rev="48">
<attrib name="value" value="1"/></item>
</group>
<group name="IOB_OUTBUF">
<item name="IN" rev="48">
<attrib name="value" value="9"/></item>
<item name="OUT" rev="48">
<attrib name="value" value="9"/></item>
</group>
<group name="RAMB16_RAMB16A">
<item name="ADDRA" rev="48">
<attrib name="value" value="2"/></item>
<item name="ADDRA10" rev="48">
<attrib name="value" value="2"/></item>
<item name="ADDRA11" rev="48">
<attrib name="value" value="2"/></item>
<item name="ADDRA12" rev="48">
<attrib name="value" value="2"/></item>
<item name="ADDRA13" rev="48">
<attrib name="value" value="2"/></item>
<item name="ADDRA5" rev="48">
<attrib name="value" value="2"/></item>
<item name="ADDRA6" rev="48">
<attrib name="value" value="2"/></item>
<item name="ADDRA7" rev="48">
<attrib name="value" value="2"/></item>
<item name="ADDRA8" rev="48">
<attrib name="value" value="2"/></item>
<item name="ADDRA9" rev="48">
<attrib name="value" value="2"/></item>
<item name="CLKA" rev="48">
<attrib name="value" value="2"/></item>
<item name="DIA" rev="48">
<attrib name="value" value="2"/></item>
<item name="DIA0" rev="48">
<attrib name="value" value="1"/></item>
<item name="DIA1" rev="48">
<attrib name="value" value="1"/></item>
<item name="DIA10" rev="48">
<attrib name="value" value="1"/></item>
<item name="DIA11" rev="48">
<attrib name="value" value="1"/></item>
<item name="DIA12" rev="48">
<attrib name="value" value="1"/></item>
<item name="DIA13" rev="48">
<attrib name="value" value="1"/></item>
<item name="DIA14" rev="48">
<attrib name="value" value="1"/></item>
<item name="DIA15" rev="48">
<attrib name="value" value="1"/></item>
<item name="DIA16" rev="48">
<attrib name="value" value="1"/></item>
<item name="DIA17" rev="48">
<attrib name="value" value="1"/></item>
<item name="DIA18" rev="48">
<attrib name="value" value="1"/></item>
<item name="DIA19" rev="48">
<attrib name="value" value="1"/></item>
<item name="DIA2" rev="48">
<attrib name="value" value="1"/></item>
<item name="DIA20" rev="48">
<attrib name="value" value="1"/></item>
<item name="DIA21" rev="48">
<attrib name="value" value="1"/></item>
<item name="DIA22" rev="48">
<attrib name="value" value="1"/></item>
<item name="DIA23" rev="48">
<attrib name="value" value="1"/></item>
<item name="DIA24" rev="48">
<attrib name="value" value="1"/></item>
<item name="DIA25" rev="48">
<attrib name="value" value="1"/></item>
<item name="DIA26" rev="48">
<attrib name="value" value="1"/></item>
<item name="DIA27" rev="48">
<attrib name="value" value="1"/></item>
<item name="DIA28" rev="48">
<attrib name="value" value="1"/></item>
<item name="DIA29" rev="48">
<attrib name="value" value="1"/></item>
<item name="DIA3" rev="48">
<attrib name="value" value="1"/></item>
<item name="DIA30" rev="48">
<attrib name="value" value="1"/></item>
<item name="DIA31" rev="48">
<attrib name="value" value="1"/></item>
<item name="DIA4" rev="48">
<attrib name="value" value="1"/></item>
<item name="DIA5" rev="48">
<attrib name="value" value="1"/></item>
<item name="DIA6" rev="48">
<attrib name="value" value="1"/></item>
<item name="DIA7" rev="48">
<attrib name="value" value="1"/></item>
<item name="DIA8" rev="48">
<attrib name="value" value="1"/></item>
<item name="DIA9" rev="48">
<attrib name="value" value="1"/></item>
<item name="DIPA0" rev="48">
<attrib name="value" value="1"/></item>
<item name="DIPA1" rev="48">
<attrib name="value" value="1"/></item>
<item name="DIPA2" rev="48">
<attrib name="value" value="1"/></item>
<item name="DIPA3" rev="48">
<attrib name="value" value="1"/></item>
<item name="DOA" rev="48">
<attrib name="value" value="2"/></item>
<item name="DOA0" rev="48">
<attrib name="value" value="2"/></item>
<item name="DOA1" rev="48">
<attrib name="value" value="2"/></item>
<item name="DOA10" rev="48">
<attrib name="value" value="2"/></item>
<item name="DOA11" rev="48">
<attrib name="value" value="2"/></item>
<item name="DOA12" rev="48">
<attrib name="value" value="2"/></item>
<item name="DOA13" rev="48">
<attrib name="value" value="2"/></item>
<item name="DOA14" rev="48">
<attrib name="value" value="2"/></item>
<item name="DOA15" rev="48">
<attrib name="value" value="2"/></item>
<item name="DOA16" rev="48">
<attrib name="value" value="2"/></item>
<item name="DOA17" rev="48">
<attrib name="value" value="2"/></item>
<item name="DOA18" rev="48">
<attrib name="value" value="2"/></item>
<item name="DOA19" rev="48">
<attrib name="value" value="2"/></item>
<item name="DOA2" rev="48">
<attrib name="value" value="2"/></item>
<item name="DOA20" rev="48">
<attrib name="value" value="2"/></item>
<item name="DOA21" rev="48">
<attrib name="value" value="2"/></item>
<item name="DOA22" rev="48">
<attrib name="value" value="2"/></item>
<item name="DOA23" rev="48">
<attrib name="value" value="2"/></item>
<item name="DOA24" rev="48">
<attrib name="value" value="2"/></item>
<item name="DOA25" rev="48">
<attrib name="value" value="2"/></item>
<item name="DOA26" rev="48">
<attrib name="value" value="2"/></item>
<item name="DOA27" rev="48">
<attrib name="value" value="2"/></item>
<item name="DOA28" rev="48">
<attrib name="value" value="2"/></item>
<item name="DOA29" rev="48">
<attrib name="value" value="2"/></item>
<item name="DOA3" rev="48">
<attrib name="value" value="2"/></item>
<item name="DOA30" rev="48">
<attrib name="value" value="2"/></item>
<item name="DOA31" rev="48">
<attrib name="value" value="2"/></item>
<item name="DOA4" rev="48">
<attrib name="value" value="2"/></item>
<item name="DOA5" rev="48">
<attrib name="value" value="2"/></item>
<item name="DOA6" rev="48">
<attrib name="value" value="2"/></item>
<item name="DOA7" rev="48">
<attrib name="value" value="2"/></item>
<item name="DOA8" rev="48">
<attrib name="value" value="2"/></item>
<item name="DOA9" rev="48">
<attrib name="value" value="2"/></item>
<item name="ENA" rev="48">
<attrib name="value" value="2"/></item>
<item name="SSRA" rev="48">
<attrib name="value" value="2"/></item>
<item name="WEA" rev="48">
<attrib name="value" value="2"/></item>
</group>
<group name="IBUF">
<item name="I" rev="48">
<attrib name="value" value="9"/></item>
<item name="ICE" rev="48">
<attrib name="value" value="4"/></item>
<item name="ICLK1" rev="48">
<attrib name="value" value="8"/></item>
<item name="IQ1" rev="48">
<attrib name="value" value="8"/></item>
<item name="PAD" rev="48">
<attrib name="value" value="9"/></item>
</group>
<group name="SLICEM_F5MUX">
<item name="F" rev="48">
<attrib name="value" value="256"/></item>
<item name="G" rev="48">
<attrib name="value" value="256"/></item>
<item name="OUT" rev="48">
<attrib name="value" value="256"/></item>
<item name="S0" rev="48">
<attrib name="value" value="256"/></item>
</group>
<group name="SLICEL_C2VDD">
<item name="1" rev="48">
<attrib name="value" value="195"/></item>
</group>
<group name="SLICEL_XORF">
<item name="0" rev="48">
<attrib name="value" value="155"/></item>
<item name="1" rev="48">
<attrib name="value" value="155"/></item>
<item name="O" rev="48">
<attrib name="value" value="155"/></item>
</group>
<group name="SLICEL_FFX">
<item name="CE" rev="48">
<attrib name="value" value="691"/></item>
<item name="CK" rev="48">
<attrib name="value" value="981"/></item>
<item name="D" rev="48">
<attrib name="value" value="981"/></item>
<item name="Q" rev="48">
<attrib name="value" value="981"/></item>
<item name="REV" rev="48">
<attrib name="value" value="2"/></item>
<item name="SR" rev="48">
<attrib name="value" value="33"/></item>
</group>
<group name="SLICEL_FFY">
<item name="CE" rev="48">
<attrib name="value" value="651"/></item>
<item name="CK" rev="48">
<attrib name="value" value="897"/></item>
<item name="D" rev="48">
<attrib name="value" value="897"/></item>
<item name="Q" rev="48">
<attrib name="value" value="897"/></item>
<item name="REV" rev="48">
<attrib name="value" value="3"/></item>
<item name="SR" rev="48">
<attrib name="value" value="41"/></item>
</group>
<group name="SLICEL_XORG">
<item name="0" rev="48">
<attrib name="value" value="154"/></item>
<item name="1" rev="48">
<attrib name="value" value="154"/></item>
<item name="O" rev="48">
<attrib name="value" value="154"/></item>
</group>
<group name="BUFGMUX_GCLKMUX">
<item name="I0" rev="48">
<attrib name="value" value="2"/></item>
<item name="OUT" rev="48">
<attrib name="value" value="2"/></item>
<item name="S" rev="48">
<attrib name="value" value="2"/></item>
</group>
<group name="SLICEL_F5MUX">
<item name="F" rev="48">
<attrib name="value" value="454"/></item>
<item name="G" rev="48">
<attrib name="value" value="454"/></item>
<item name="OUT" rev="48">
<attrib name="value" value="454"/></item>
<item name="S0" rev="48">
<attrib name="value" value="454"/></item>
</group>
<group name="IBUF_IFF1">
<item name="CE" rev="48">
<attrib name="value" value="4"/></item>
<item name="CK" rev="48">
<attrib name="value" value="8"/></item>
<item name="D" rev="48">
<attrib name="value" value="8"/></item>
<item name="Q" rev="48">
<attrib name="value" value="8"/></item>
</group>
<group name="SLICEM_WSGEN">
<item name="CK" rev="48">
<attrib name="value" value="5"/></item>
<item name="WE" rev="48">
<attrib name="value" value="5"/></item>
<item name="WSF" rev="48">
<attrib name="value" value="2"/></item>
<item name="WSG" rev="48">
<attrib name="value" value="5"/></item>
</group>
<group name="SLICEM_FFX">
<item name="CK" rev="48">
<attrib name="value" value="2"/></item>
<item name="D" rev="48">
<attrib name="value" value="2"/></item>
<item name="Q" rev="48">
<attrib name="value" value="2"/></item>
</group>
<group name="SLICEM_FFY">
<item name="CK" rev="48">
<attrib name="value" value="5"/></item>
<item name="D" rev="48">
<attrib name="value" value="5"/></item>
<item name="Q" rev="48">
<attrib name="value" value="5"/></item>
</group>
<group name="IOB_PAD">
<item name="PAD" rev="48">
<attrib name="value" value="9"/></item>
</group>
<group name="IOB">
<item name="O1" rev="48">
<attrib name="value" value="9"/></item>
<item name="OCE" rev="48">
<attrib name="value" value="1"/></item>
<item name="OTCLK1" rev="48">
<attrib name="value" value="1"/></item>
<item name="PAD" rev="48">
<attrib name="value" value="9"/></item>
<item name="REV" rev="48">
<attrib name="value" value="1"/></item>
<item name="SR" rev="48">
<attrib name="value" value="1"/></item>
</group>
<group name="SLICEL_C1VDD">
<item name="1" rev="48">
<attrib name="value" value="197"/></item>
</group>
<group name="BUFGMUX">
<item name="I0" rev="48">
<attrib name="value" value="2"/></item>
<item name="O" rev="48">
<attrib name="value" value="2"/></item>
<item name="S" rev="48">
<attrib name="value" value="2"/></item>
</group>
<group name="SLICEL_F">
<item name="A1" rev="48">
<attrib name="value" value="1850"/></item>
<item name="A2" rev="48">
<attrib name="value" value="1779"/></item>
<item name="A3" rev="48">
<attrib name="value" value="1640"/></item>
<item name="A4" rev="48">
<attrib name="value" value="1071"/></item>
<item name="D" rev="48">
<attrib name="value" value="1868"/></item>
</group>
<group name="SLICEL_G">
<item name="A1" rev="48">
<attrib name="value" value="1779"/></item>
<item name="A2" rev="48">
<attrib name="value" value="1713"/></item>
<item name="A3" rev="48">
<attrib name="value" value="1545"/></item>
<item name="A4" rev="48">
<attrib name="value" value="1043"/></item>
<item name="D" rev="48">
<attrib name="value" value="1795"/></item>
</group>
<group name="IBUF_IFD_DELAY">
<item name="IN" rev="48">
<attrib name="value" value="8"/></item>
<item name="OUT" rev="48">
<attrib name="value" value="8"/></item>
</group>
<group name="RAMB16_RAMB16">
<item name="ADDRA" rev="48">
<attrib name="value" value="2"/></item>
<item name="DIA" rev="48">
<attrib name="value" value="2"/></item>
<item name="DOA" rev="48">
<attrib name="value" value="2"/></item>
</group>
<group name="SLICEL_GNDF">
<item name="0" rev="48">
<attrib name="value" value="74"/></item>
</group>
<group name="SLICEL_GNDG">
<item name="0" rev="48">
<attrib name="value" value="68"/></item>
</group>
</ReportPinData>
<CmdHistory>
</CmdHistory>
</DeviceUsageSummary>
